Dataset,Noise type,Noise rate,Graph beta,Method,Macro-F1 mean +/- std,FPR mean +/- std,FNR mean +/- std,ERR mean +/- std,Compression ratio mean +/- std,Runtime mean +/- std (s)
CESNET-TLS-Year22,asymmetric,0.1,none,Co-Teaching-lite,0.8946 +/- 0.0048,0.1001 +/- 0.0069,0.0033 +/- 0.0010,0.9407 +/- 0.0123,0.9942 +/- 0.0064,2.52 +/- 0.17
CESNET-TLS-Year22,asymmetric,0.1,none,CoLD,0.9952 +/- 0.0005,0.0110 +/- 0.0035,0.0000 +/- 0.0000,0.9454 +/- 0.0018,0.9731 +/- 0.0001,0.43 +/- 0.01
CESNET-TLS-Year22,asymmetric,0.1,none,Confident-Learning,0.9606 +/- 0.0017,0.0060 +/- 0.0000,0.0149 +/- 0.0021,0.9387 +/- 0.0046,0.9977 +/- 0.0023,22.69 +/- 10.30
CESNET-TLS-Year22,asymmetric,0.1,none,Decoupling,0.8014 +/- 0.0138,0.1041 +/- 0.0250,0.0034 +/- 0.0025,0.1616 +/- 0.0481,1.0000 +/- 0.0000,1.75 +/- 0.03
CESNET-TLS-Year22,asymmetric,0.1,none,Graph-CoLD,0.9957 +/- 0.0006,0.0080 +/- 0.0046,0.0001 +/- 0.0001,1.0000 +/- 0.0000,0.9795 +/- 0.0113,0.45 +/- 0.03
CESNET-TLS-Year22,asymmetric,0.1,none,Noisy-Supervised,0.9382 +/- 0.0014,0.0060 +/- 0.0060,0.0680 +/- 0.0019,1.0000 +/- 0.0000,0.9997 +/- 0.0003,0.28 +/- 0.02
CESNET-TLS-Year22,asymmetric,0.1,none,ablation_hard,0.9952 +/- 0.0005,0.0110 +/- 0.0035,0.0000 +/- 0.0000,0.9454 +/- 0.0018,0.9731 +/- 0.0001,0.00 +/- 0.00
CESNET-TLS-Year22,asymmetric,0.2,none,Co-Teaching-lite,0.8809 +/- 0.0189,0.2052 +/- 0.1345,0.0039 +/- 0.0005,0.9181 +/- 0.0180,0.9982 +/- 0.0020,2.54 +/- 0.10
CESNET-TLS-Year22,asymmetric,0.2,none,CoLD,0.9949 +/- 0.0003,0.0110 +/- 0.0046,0.0001 +/- 0.0000,0.9475 +/- 0.0013,0.9914 +/- 0.0067,0.39 +/- 0.02
CESNET-TLS-Year22,asymmetric,0.2,none,Confident-Learning,0.9434 +/- 0.0067,0.0070 +/- 0.0017,0.0340 +/- 0.0021,0.9396 +/- 0.0002,0.9989 +/- 0.0006,23.22 +/- 12.52
CESNET-TLS-Year22,asymmetric,0.2,none,Decoupling,0.7789 +/- 0.0062,0.5516 +/- 0.0284,0.0024 +/- 0.0005,0.1538 +/- 0.0208,1.0000 +/- 0.0000,2.34 +/- 0.04
CESNET-TLS-Year22,asymmetric,0.2,none,Graph-CoLD,0.9953 +/- 0.0002,0.0080 +/- 0.0046,0.0001 +/- 0.0000,1.0000 +/- 0.0000,0.9870 +/- 0.0121,0.40 +/- 0.02
CESNET-TLS-Year22,asymmetric,0.2,none,Noisy-Supervised,0.8765 +/- 0.0038,0.0020 +/- 0.0035,0.1654 +/- 0.0066,1.0000 +/- 0.0000,0.9998 +/- 0.0002,0.31 +/- 0.03
CESNET-TLS-Year22,asymmetric,0.2,none,ablation_hard,0.9949 +/- 0.0003,0.0110 +/- 0.0046,0.0001 +/- 0.0000,0.9475 +/- 0.0013,0.9914 +/- 0.0067,0.00 +/- 0.00
CESNET-TLS-Year22,asymmetric,0.4,none,Co-Teaching-lite,0.8417 +/- 0.0306,0.5025 +/- 0.3364,0.0089 +/- 0.0027,0.8377 +/- 0.0189,0.9999 +/- 0.0002,2.30 +/- 0.31
CESNET-TLS-Year22,asymmetric,0.4,none,CoLD,0.9945 +/- 0.0007,0.0080 +/- 0.0063,0.0001 +/- 0.0001,0.9478 +/- 0.0022,0.9860 +/- 0.0116,0.32 +/- 0.03
CESNET-TLS-Year22,asymmetric,0.4,none,Confident-Learning,0.8956 +/- 0.0120,0.0090 +/- 0.0030,0.0911 +/- 0.0086,0.9367 +/- 0.0175,0.9997 +/- 0.0002,24.08 +/- 14.50
CESNET-TLS-Year22,asymmetric,0.4,none,Decoupling,0.8037 +/- 0.0056,0.2603 +/- 0.3634,0.0149 +/- 0.0082,0.1670 +/- 0.0440,1.0000 +/- 0.0000,1.91 +/- 0.03
CESNET-TLS-Year22,asymmetric,0.4,none,Graph-CoLD,0.9950 +/- 0.0005,0.0120 +/- 0.0052,0.0001 +/- 0.0001,1.0000 +/- 0.0000,0.9803 +/- 0.0126,0.39 +/- 0.02
CESNET-TLS-Year22,asymmetric,0.4,none,Noisy-Supervised,0.6860 +/- 0.0076,0.0030 +/- 0.0030,0.4421 +/- 0.0093,1.0000 +/- 0.0000,0.9999 +/- 0.0001,0.34 +/- 0.01
CESNET-TLS-Year22,asymmetric,0.4,none,ablation_hard,0.9945 +/- 0.0007,0.0080 +/- 0.0063,0.0001 +/- 0.0001,0.9478 +/- 0.0022,0.9860 +/- 0.0116,0.00 +/- 0.00
CESNET-TLS-Year22,asymmetric,0.6,none,Co-Teaching-lite,0.7942 +/- 0.0289,0.5245 +/- 0.2730,0.0193 +/- 0.0055,0.8025 +/- 0.0516,1.0000 +/- 0.0000,2.31 +/- 0.02
CESNET-TLS-Year22,asymmetric,0.6,none,CoLD,0.9940 +/- 0.0003,0.0070 +/- 0.0046,0.0002 +/- 0.0001,0.9474 +/- 0.0014,0.9915 +/- 0.0068,0.27 +/- 0.02
CESNET-TLS-Year22,asymmetric,0.6,none,Confident-Learning,0.8370 +/- 0.0120,0.0150 +/- 0.0159,0.1828 +/- 0.0201,0.9229 +/- 0.0156,0.9999 +/- 0.0001,20.32 +/- 13.17
CESNET-TLS-Year22,asymmetric,0.6,none,Decoupling,0.7150 +/- 0.0772,0.4014 +/- 0.3452,0.1446 +/- 0.1153,0.3006 +/- 0.0837,1.0000 +/- 0.0000,1.87 +/- 0.04
CESNET-TLS-Year22,asymmetric,0.6,none,Graph-CoLD,0.9945 +/- 0.0005,0.0100 +/- 0.0017,0.0002 +/- 0.0001,1.0000 +/- 0.0000,0.9903 +/- 0.0052,0.34 +/- 0.01
CESNET-TLS-Year22,asymmetric,0.6,none,Noisy-Supervised,0.4151 +/- 0.0030,0.0000 +/- 0.0000,0.7267 +/- 0.0030,1.0000 +/- 0.0000,0.9999 +/- 0.0001,0.33 +/- 0.02
CESNET-TLS-Year22,asymmetric,0.6,none,ablation_hard,0.9940 +/- 0.0003,0.0070 +/- 0.0046,0.0002 +/- 0.0001,0.9474 +/- 0.0014,0.9915 +/- 0.0068,0.00 +/- 0.00
CESNET-TLS-Year22,clean,0.0,none,Co-Teaching-lite,0.8748 +/- 0.0159,0.0821 +/- 0.0125,0.0013 +/- 0.0009,1.0000 +/- 0.0000,0.9954 +/- 0.0073,2.49 +/- 0.29
CESNET-TLS-Year22,clean,0.0,none,CoLD,0.9956 +/- 0.0005,0.0090 +/- 0.0030,0.0001 +/- 0.0000,1.0000 +/- 0.0000,0.9857 +/- 0.0111,0.44 +/- 0.02
CESNET-TLS-Year22,clean,0.0,none,Confident-Learning,0.9782 +/- 0.0073,0.0100 +/- 0.0046,0.0001 +/- 0.0000,1.0000 +/- 0.0000,0.9731 +/- 0.0001,15.48 +/- 2.74
CESNET-TLS-Year22,clean,0.0,none,Decoupling,0.8204 +/- 0.0269,0.1191 +/- 0.0321,0.0004 +/- 0.0002,1.0000 +/- 0.0000,0.9918 +/- 0.0128,2.30 +/- 0.02
CESNET-TLS-Year22,clean,0.0,none,Graph-CoLD,0.9958 +/- 0.0002,0.0110 +/- 0.0046,0.0001 +/- 0.0001,1.0000 +/- 0.0000,0.9858 +/- 0.0111,0.48 +/- 0.01
CESNET-TLS-Year22,clean,0.0,none,Noisy-Supervised,0.9955 +/- 0.0004,0.0070 +/- 0.0035,0.0001 +/- 0.0000,1.0000 +/- 0.0000,0.9732 +/- 0.0004,0.20 +/- 0.02
CESNET-TLS-Year22,clean,0.0,none,ablation_hard,0.9956 +/- 0.0005,0.0090 +/- 0.0030,0.0001 +/- 0.0000,1.0000 +/- 0.0000,0.9857 +/- 0.0111,0.00 +/- 0.00
CESNET-TLS-Year22,graph_consistency,0.1,0.0,Co-Teaching-lite,0.8655 +/- 0.0129,0.0791 +/- 0.0105,0.0012 +/- 0.0009,0.9578 +/- 0.0090,0.9956 +/- 0.0065,2.69 +/- 0.06
CESNET-TLS-Year22,graph_consistency,0.1,0.0,CoLD,0.9952 +/- 0.0003,0.0140 +/- 0.0046,0.0001 +/- 0.0000,0.9449 +/- 0.0014,0.9865 +/- 0.0115,0.44 +/- 0.02
CESNET-TLS-Year22,graph_consistency,0.1,0.0,Confident-Learning,0.9409 +/- 0.0198,0.0531 +/- 0.0114,0.0013 +/- 0.0005,0.9286 +/- 0.0128,0.9753 +/- 0.0009,26.90 +/- 6.05
CESNET-TLS-Year22,graph_consistency,0.1,0.0,Decoupling,0.8137 +/- 0.0347,0.1181 +/- 0.0734,0.0011 +/- 0.0017,0.1323 +/- 0.0092,0.9901 +/- 0.0124,2.36 +/- 0.01
CESNET-TLS-Year22,graph_consistency,0.1,0.0,Graph-CoLD,0.9956 +/- 0.0003,0.0100 +/- 0.0046,0.0000 +/- 0.0000,1.0000 +/- 0.0000,0.9797 +/- 0.0116,0.45 +/- 0.01
CESNET-TLS-Year22,graph_consistency,0.1,0.0,Noisy-Supervised,0.9453 +/- 0.0012,0.0230 +/- 0.0063,0.0024 +/- 0.0005,1.0000 +/- 0.0000,0.9912 +/- 0.0115,0.29 +/- 0.01
CESNET-TLS-Year22,graph_consistency,0.1,0.0,ablation_hard,0.9952 +/- 0.0003,0.0140 +/- 0.0046,0.0001 +/- 0.0000,0.9449 +/- 0.0014,0.9865 +/- 0.0115,0.00 +/- 0.00
CESNET-TLS-Year22,graph_consistency,0.1,0.6,Co-Teaching-lite,0.8539 +/- 0.0075,0.0721 +/- 0.0150,0.0014 +/- 0.0007,0.9644 +/- 0.0077,0.9824 +/- 0.0090,2.71 +/- 0.13
CESNET-TLS-Year22,graph_consistency,0.1,0.6,CoLD,0.9956 +/- 0.0001,0.0110 +/- 0.0017,0.0000 +/- 0.0000,0.9454 +/- 0.0021,0.9731 +/- 0.0000,0.40 +/- 0.01
CESNET-TLS-Year22,graph_consistency,0.1,0.6,Confident-Learning,0.9223 +/- 0.0199,0.0270 +/- 0.0183,0.0007 +/- 0.0004,0.9133 +/- 0.0155,0.9751 +/- 0.0011,24.91 +/- 10.53
CESNET-TLS-Year22,graph_consistency,0.1,0.6,Decoupling,0.7981 +/- 0.0157,0.0691 +/- 0.0393,0.0027 +/- 0.0024,0.1485 +/- 0.0161,0.9926 +/- 0.0087,1.80 +/- 0.04
CESNET-TLS-Year22,graph_consistency,0.1,0.6,Graph-CoLD,0.9957 +/- 0.0003,0.0120 +/- 0.0060,0.0000 +/- 0.0000,1.0000 +/- 0.0000,0.9737 +/- 0.0013,0.45 +/- 0.04
CESNET-TLS-Year22,graph_consistency,0.1,0.6,Noisy-Supervised,0.9450 +/- 0.0012,0.0420 +/- 0.0183,0.0023 +/- 0.0006,1.0000 +/- 0.0000,0.9857 +/- 0.0057,0.30 +/- 0.01
CESNET-TLS-Year22,graph_consistency,0.1,0.6,ablation_hard,0.9956 +/- 0.0001,0.0110 +/- 0.0017,0.0000 +/- 0.0000,0.9454 +/- 0.0021,0.9731 +/- 0.0000,0.00 +/- 0.00
CESNET-TLS-Year22,graph_consistency,0.2,0.0,Co-Teaching-lite,0.8423 +/- 0.0178,0.0811 +/- 0.0159,0.0017 +/- 0.0006,0.9428 +/- 0.0025,0.9846 +/- 0.0133,2.35 +/- 0.19
CESNET-TLS-Year22,graph_consistency,0.2,0.0,CoLD,0.9952 +/- 0.0007,0.0120 +/- 0.0030,0.0000 +/- 0.0000,0.9452 +/- 0.0020,0.9800 +/- 0.0121,0.38 +/- 0.01
CESNET-TLS-Year22,graph_consistency,0.2,0.0,Confident-Learning,0.8685 +/- 0.0189,0.0490 +/- 0.0092,0.0013 +/- 0.0006,0.8609 +/- 0.0134,0.9805 +/- 0.0081,17.09 +/- 9.63
CESNET-TLS-Year22,graph_consistency,0.2,0.0,Decoupling,0.7703 +/- 0.0366,0.0991 +/- 0.0217,0.0006 +/- 0.0008,0.2181 +/- 0.0299,0.9935 +/- 0.0036,1.83 +/- 0.04
CESNET-TLS-Year22,graph_consistency,0.2,0.0,Graph-CoLD,0.9958 +/- 0.0001,0.0090 +/- 0.0030,0.0001 +/- 0.0000,1.0000 +/- 0.0000,0.9832 +/- 0.0106,0.41 +/- 0.03
CESNET-TLS-Year22,graph_consistency,0.2,0.0,Noisy-Supervised,0.8805 +/- 0.0013,0.0741 +/- 0.0351,0.0047 +/- 0.0009,1.0000 +/- 0.0000,0.9994 +/- 0.0007,0.31 +/- 0.01
CESNET-TLS-Year22,graph_consistency,0.2,0.0,ablation_hard,0.9952 +/- 0.0007,0.0120 +/- 0.0030,0.0000 +/- 0.0000,0.9452 +/- 0.0020,0.9800 +/- 0.0121,0.00 +/- 0.00
CESNET-TLS-Year22,graph_consistency,0.2,0.6,Co-Teaching-lite,0.8381 +/- 0.0311,0.0701 +/- 0.0069,0.0022 +/- 0.0006,0.9447 +/- 0.0042,0.9845 +/- 0.0132,2.45 +/- 0.08
CESNET-TLS-Year22,graph_consistency,0.2,0.6,CoLD,0.9944 +/- 0.0010,0.0150 +/- 0.0060,0.0001 +/- 0.0000,0.9451 +/- 0.0025,0.9922 +/- 0.0026,0.41 +/- 0.02
CESNET-TLS-Year22,graph_consistency,0.2,0.6,Confident-Learning,0.8844 +/- 0.0032,0.0350 +/- 0.0121,0.0008 +/- 0.0007,0.8602 +/- 0.0323,0.9746 +/- 0.0009,26.00 +/- 8.95
CESNET-TLS-Year22,graph_consistency,0.2,0.6,Decoupling,0.7849 +/- 0.0348,0.1221 +/- 0.0693,0.0011 +/- 0.0010,0.2201 +/- 0.0522,0.9857 +/- 0.0086,2.37 +/- 0.06
CESNET-TLS-Year22,graph_consistency,0.2,0.6,Graph-CoLD,0.9958 +/- 0.0000,0.0110 +/- 0.0046,0.0001 +/- 0.0000,1.0000 +/- 0.0000,0.9841 +/- 0.0104,0.43 +/- 0.03
CESNET-TLS-Year22,graph_consistency,0.2,0.6,Noisy-Supervised,0.8838 +/- 0.0023,0.0581 +/- 0.0105,0.0051 +/- 0.0012,1.0000 +/- 0.0000,0.9998 +/- 0.0002,0.30 +/- 0.00
CESNET-TLS-Year22,graph_consistency,0.2,0.6,ablation_hard,0.9944 +/- 0.0010,0.0150 +/- 0.0060,0.0001 +/- 0.0000,0.9451 +/- 0.0025,0.9922 +/- 0.0026,0.00 +/- 0.00
CESNET-TLS-Year22,graph_consistency,0.4,0.0,Co-Teaching-lite,0.8330 +/- 0.0217,0.0430 +/- 0.0318,0.0059 +/- 0.0019,0.8848 +/- 0.0149,0.9899 +/- 0.0055,2.37 +/- 0.11
CESNET-TLS-Year22,graph_consistency,0.4,0.0,CoLD,0.9950 +/- 0.0001,0.0120 +/- 0.0030,0.0000 +/- 0.0000,0.9456 +/- 0.0018,0.9769 +/- 0.0067,0.31 +/- 0.01
CESNET-TLS-Year22,graph_consistency,0.4,0.0,Confident-Learning,0.8471 +/- 0.0156,0.0250 +/- 0.0176,0.0043 +/- 0.0027,0.8259 +/- 0.0364,0.9964 +/- 0.0019,24.74 +/- 7.68
CESNET-TLS-Year22,graph_consistency,0.4,0.0,Decoupling,0.7104 +/- 0.0509,0.3524 +/- 0.2837,0.0004 +/- 0.0006,0.3894 +/- 0.0298,0.9884 +/- 0.0109,1.89 +/- 0.06
CESNET-TLS-Year22,graph_consistency,0.4,0.0,Graph-CoLD,0.9950 +/- 0.0006,0.0130 +/- 0.0017,0.0000 +/- 0.0000,1.0000 +/- 0.0000,0.9806 +/- 0.0130,0.35 +/- 0.02
CESNET-TLS-Year22,graph_consistency,0.4,0.0,Noisy-Supervised,0.7130 +/- 0.0014,0.1852 +/- 0.0243,0.0140 +/- 0.0009,1.0000 +/- 0.0000,0.9999 +/- 0.0001,0.34 +/- 0.01
CESNET-TLS-Year22,graph_consistency,0.4,0.0,ablation_hard,0.9950 +/- 0.0001,0.0120 +/- 0.0030,0.0000 +/- 0.0000,0.9456 +/- 0.0018,0.9769 +/- 0.0067,0.00 +/- 0.00
CESNET-TLS-Year22,graph_consistency,0.4,0.6,Co-Teaching-lite,0.8244 +/- 0.0015,0.0781 +/- 0.0156,0.0019 +/- 0.0007,0.8318 +/- 0.0123,0.9903 +/- 0.0123,2.50 +/- 0.25
CESNET-TLS-Year22,graph_consistency,0.4,0.6,CoLD,0.9947 +/- 0.0008,0.0150 +/- 0.0000,0.0001 +/- 0.0001,0.9447 +/- 0.0023,0.9785 +/- 0.0093,0.34 +/- 0.00
CESNET-TLS-Year22,graph_consistency,0.4,0.6,Confident-Learning,0.8353 +/- 0.0207,0.0350 +/- 0.0200,0.0021 +/- 0.0012,0.8106 +/- 0.0081,0.9887 +/- 0.0112,17.58 +/- 8.08
CESNET-TLS-Year22,graph_consistency,0.4,0.6,Decoupling,0.6984 +/- 0.0653,0.4985 +/- 0.3983,0.0011 +/- 0.0012,0.3410 +/- 0.0660,0.9939 +/- 0.0078,1.86 +/- 0.03
CESNET-TLS-Year22,graph_consistency,0.4,0.6,Graph-CoLD,0.9949 +/- 0.0007,0.0100 +/- 0.0046,0.0001 +/- 0.0001,1.0000 +/- 0.0000,0.9784 +/- 0.0093,0.38 +/- 0.03
CESNET-TLS-Year22,graph_consistency,0.4,0.6,Noisy-Supervised,0.7192 +/- 0.0028,0.1932 +/- 0.0097,0.0146 +/- 0.0019,1.0000 +/- 0.0000,0.9999 +/- 0.0000,0.35 +/- 0.03
CESNET-TLS-Year22,graph_consistency,0.4,0.6,ablation_hard,0.9947 +/- 0.0008,0.0150 +/- 0.0000,0.0001 +/- 0.0001,0.9447 +/- 0.0023,0.9785 +/- 0.0093,0.00 +/- 0.00
CESNET-TLS-Year22,graph_consistency,0.6,0.0,Co-Teaching-lite,0.7524 +/- 0.0256,0.0771 +/- 0.0315,0.0086 +/- 0.0032,0.7697 +/- 0.0261,0.9950 +/- 0.0063,2.29 +/- 0.11
CESNET-TLS-Year22,graph_consistency,0.6,0.0,CoLD,0.9943 +/- 0.0005,0.0170 +/- 0.0063,0.0001 +/- 0.0001,0.9457 +/- 0.0022,0.9812 +/- 0.0139,0.30 +/- 0.02
CESNET-TLS-Year22,graph_consistency,0.6,0.0,Confident-Learning,0.8281 +/- 0.0326,0.0450 +/- 0.0442,0.0070 +/- 0.0038,0.8146 +/- 0.0438,0.9960 +/- 0.0027,22.81 +/- 7.52
CESNET-TLS-Year22,graph_consistency,0.6,0.0,Decoupling,0.6526 +/- 0.0481,0.0611 +/- 0.0798,0.0068 +/- 0.0063,0.5356 +/- 0.0550,0.9993 +/- 0.0012,2.47 +/- 0.02
CESNET-TLS-Year22,graph_consistency,0.6,0.0,Graph-CoLD,0.9937 +/- 0.0011,0.0170 +/- 0.0092,0.0001 +/- 0.0000,1.0000 +/- 0.0000,0.9827 +/- 0.0128,0.34 +/- 0.01
CESNET-TLS-Year22,graph_consistency,0.6,0.0,Noisy-Supervised,0.4879 +/- 0.0041,0.3624 +/- 0.0483,0.0275 +/- 0.0024,1.0000 +/- 0.0000,1.0000 +/- 0.0000,0.34 +/- 0.01
CESNET-TLS-Year22,graph_consistency,0.6,0.0,ablation_hard,0.9943 +/- 0.0005,0.0170 +/- 0.0063,0.0001 +/- 0.0001,0.9457 +/- 0.0022,0.9812 +/- 0.0139,0.00 +/- 0.00
CESNET-TLS-Year22,graph_consistency,0.6,0.6,Co-Teaching-lite,0.7625 +/- 0.0285,0.0981 +/- 0.0315,0.0018 +/- 0.0018,0.8089 +/- 0.0235,0.9867 +/- 0.0088,2.25 +/- 0.22
CESNET-TLS-Year22,graph_consistency,0.6,0.6,CoLD,0.9939 +/- 0.0007,0.0210 +/- 0.0060,0.0001 +/- 0.0001,0.9447 +/- 0.0016,0.9872 +/- 0.0122,0.28 +/- 0.01
CESNET-TLS-Year22,graph_consistency,0.6,0.6,Confident-Learning,0.8289 +/- 0.0049,0.2793 +/- 0.1327,0.0008 +/- 0.0006,0.8043 +/- 0.0167,0.9886 +/- 0.0086,13.43 +/- 1.23
CESNET-TLS-Year22,graph_consistency,0.6,0.6,Decoupling,0.7111 +/- 0.0494,0.2322 +/- 0.2728,0.0032 +/- 0.0029,0.4713 +/- 0.0655,0.9921 +/- 0.0069,1.96 +/- 0.02
CESNET-TLS-Year22,graph_consistency,0.6,0.6,Graph-CoLD,0.9939 +/- 0.0003,0.0120 +/- 0.0060,0.0001 +/- 0.0001,1.0000 +/- 0.0000,0.9812 +/- 0.0140,0.33 +/- 0.02
CESNET-TLS-Year22,graph_consistency,0.6,0.6,Noisy-Supervised,0.4911 +/- 0.0054,0.4044 +/- 0.0508,0.0285 +/- 0.0013,1.0000 +/- 0.0000,0.9999 +/- 0.0001,0.36 +/- 0.01
CESNET-TLS-Year22,graph_consistency,0.6,0.6,ablation_hard,0.9939 +/- 0.0007,0.0210 +/- 0.0060,0.0001 +/- 0.0001,0.9447 +/- 0.0016,0.9872 +/- 0.0122,0.00 +/- 0.00
CESNET-TLS-Year22,symmetric,0.1,none,Co-Teaching-lite,0.8655 +/- 0.0129,0.0791 +/- 0.0105,0.0012 +/- 0.0009,0.9578 +/- 0.0090,0.9956 +/- 0.0065,2.61 +/- 0.09
CESNET-TLS-Year22,symmetric,0.1,none,CoLD,0.9952 +/- 0.0003,0.0140 +/- 0.0046,0.0001 +/- 0.0000,0.9449 +/- 0.0014,0.9865 +/- 0.0115,0.39 +/- 0.03
CESNET-TLS-Year22,symmetric,0.1,none,Confident-Learning,0.9409 +/- 0.0198,0.0531 +/- 0.0114,0.0013 +/- 0.0005,0.9286 +/- 0.0128,0.9753 +/- 0.0009,14.30 +/- 8.69
CESNET-TLS-Year22,symmetric,0.1,none,Decoupling,0.8137 +/- 0.0347,0.1181 +/- 0.0734,0.0011 +/- 0.0017,0.1323 +/- 0.0092,0.9901 +/- 0.0124,1.80 +/- 0.06
CESNET-TLS-Year22,symmetric,0.1,none,Graph-CoLD,0.9956 +/- 0.0003,0.0100 +/- 0.0046,0.0000 +/- 0.0000,1.0000 +/- 0.0000,0.9797 +/- 0.0116,0.44 +/- 0.03
CESNET-TLS-Year22,symmetric,0.1,none,Noisy-Supervised,0.9453 +/- 0.0012,0.0230 +/- 0.0063,0.0024 +/- 0.0005,1.0000 +/- 0.0000,0.9912 +/- 0.0115,0.27 +/- 0.01
CESNET-TLS-Year22,symmetric,0.1,none,ablation_hard,0.9952 +/- 0.0003,0.0140 +/- 0.0046,0.0001 +/- 0.0000,0.9449 +/- 0.0014,0.9865 +/- 0.0115,0.00 +/- 0.00
CESNET-TLS-Year22,symmetric,0.2,none,Co-Teaching-lite,0.8423 +/- 0.0178,0.0811 +/- 0.0159,0.0017 +/- 0.0006,0.9428 +/- 0.0025,0.9846 +/- 0.0133,2.54 +/- 0.34
CESNET-TLS-Year22,symmetric,0.2,none,CoLD,0.9952 +/- 0.0007,0.0120 +/- 0.0030,0.0000 +/- 0.0000,0.9452 +/- 0.0020,0.9800 +/- 0.0121,0.38 +/- 0.01
CESNET-TLS-Year22,symmetric,0.2,none,Confident-Learning,0.8685 +/- 0.0189,0.0490 +/- 0.0092,0.0013 +/- 0.0006,0.8609 +/- 0.0134,0.9805 +/- 0.0081,32.90 +/- 4.38
CESNET-TLS-Year22,symmetric,0.2,none,Decoupling,0.7703 +/- 0.0366,0.0991 +/- 0.0217,0.0006 +/- 0.0008,0.2181 +/- 0.0299,0.9935 +/- 0.0036,1.82 +/- 0.08
CESNET-TLS-Year22,symmetric,0.2,none,Graph-CoLD,0.9958 +/- 0.0001,0.0090 +/- 0.0030,0.0001 +/- 0.0000,1.0000 +/- 0.0000,0.9832 +/- 0.0106,0.39 +/- 0.03
CESNET-TLS-Year22,symmetric,0.2,none,Noisy-Supervised,0.8805 +/- 0.0013,0.0741 +/- 0.0351,0.0047 +/- 0.0009,1.0000 +/- 0.0000,0.9994 +/- 0.0007,0.29 +/- 0.00
CESNET-TLS-Year22,symmetric,0.2,none,ablation_hard,0.9952 +/- 0.0007,0.0120 +/- 0.0030,0.0000 +/- 0.0000,0.9452 +/- 0.0020,0.9800 +/- 0.0121,0.00 +/- 0.00
CESNET-TLS-Year22,symmetric,0.4,none,Co-Teaching-lite,0.8330 +/- 0.0217,0.0430 +/- 0.0318,0.0059 +/- 0.0019,0.8848 +/- 0.0149,0.9899 +/- 0.0055,2.37 +/- 0.25
CESNET-TLS-Year22,symmetric,0.4,none,CoLD,0.9950 +/- 0.0001,0.0120 +/- 0.0030,0.0000 +/- 0.0000,0.9456 +/- 0.0018,0.9769 +/- 0.0067,0.30 +/- 0.01
CESNET-TLS-Year22,symmetric,0.4,none,Confident-Learning,0.8471 +/- 0.0156,0.0250 +/- 0.0176,0.0043 +/- 0.0027,0.8259 +/- 0.0364,0.9964 +/- 0.0019,13.67 +/- 4.29
CESNET-TLS-Year22,symmetric,0.4,none,Decoupling,0.7104 +/- 0.0509,0.3524 +/- 0.2837,0.0004 +/- 0.0006,0.3894 +/- 0.0298,0.9884 +/- 0.0109,2.53 +/- 0.13
CESNET-TLS-Year22,symmetric,0.4,none,Graph-CoLD,0.9950 +/- 0.0006,0.0130 +/- 0.0017,0.0000 +/- 0.0000,1.0000 +/- 0.0000,0.9806 +/- 0.0130,0.38 +/- 0.01
CESNET-TLS-Year22,symmetric,0.4,none,Noisy-Supervised,0.7130 +/- 0.0014,0.1852 +/- 0.0243,0.0140 +/- 0.0009,1.0000 +/- 0.0000,0.9999 +/- 0.0001,0.34 +/- 0.03
CESNET-TLS-Year22,symmetric,0.4,none,ablation_hard,0.9950 +/- 0.0001,0.0120 +/- 0.0030,0.0000 +/- 0.0000,0.9456 +/- 0.0018,0.9769 +/- 0.0067,0.00 +/- 0.00
CESNET-TLS-Year22,symmetric,0.6,none,Co-Teaching-lite,0.7524 +/- 0.0256,0.0771 +/- 0.0315,0.0086 +/- 0.0032,0.7697 +/- 0.0261,0.9950 +/- 0.0063,2.18 +/- 0.16
CESNET-TLS-Year22,symmetric,0.6,none,CoLD,0.9943 +/- 0.0005,0.0170 +/- 0.0063,0.0001 +/- 0.0001,0.9457 +/- 0.0022,0.9812 +/- 0.0139,0.27 +/- 0.01
CESNET-TLS-Year22,symmetric,0.6,none,Confident-Learning,0.8281 +/- 0.0326,0.0450 +/- 0.0442,0.0070 +/- 0.0038,0.8146 +/- 0.0438,0.9960 +/- 0.0027,14.95 +/- 4.82
CESNET-TLS-Year22,symmetric,0.6,none,Decoupling,0.6526 +/- 0.0481,0.0611 +/- 0.0798,0.0068 +/- 0.0063,0.5356 +/- 0.0550,0.9993 +/- 0.0012,1.90 +/- 0.04
CESNET-TLS-Year22,symmetric,0.6,none,Graph-CoLD,0.9937 +/- 0.0011,0.0170 +/- 0.0092,0.0001 +/- 0.0000,1.0000 +/- 0.0000,0.9827 +/- 0.0128,0.34 +/- 0.01
CESNET-TLS-Year22,symmetric,0.6,none,Noisy-Supervised,0.4879 +/- 0.0041,0.3624 +/- 0.0483,0.0275 +/- 0.0024,1.0000 +/- 0.0000,1.0000 +/- 0.0000,0.36 +/- 0.01
CESNET-TLS-Year22,symmetric,0.6,none,ablation_hard,0.9943 +/- 0.0005,0.0170 +/- 0.0063,0.0001 +/- 0.0001,0.9457 +/- 0.0022,0.9812 +/- 0.0139,0.00 +/- 0.00
CICIDS-2017,asymmetric,0.1,none,Co-Teaching-lite,0.6808 +/- 0.0117,0.1672 +/- 0.0143,0.0304 +/- 0.0087,0.8174 +/- 0.0245,0.9982 +/- 0.0007,20.14 +/- 2.63
CICIDS-2017,asymmetric,0.1,none,CoLD,0.9635 +/- 0.0042,0.0019 +/- 0.0003,0.0046 +/- 0.0004,0.8388 +/- 0.0022,0.9989 +/- 0.0008,10.49 +/- 1.08
CICIDS-2017,asymmetric,0.1,none,Confident-Learning,0.9171 +/- 0.0076,0.0056 +/- 0.0007,0.0271 +/- 0.0024,0.9177 +/- 0.0173,0.9995 +/- 0.0007,27.72 +/- 3.61
CICIDS-2017,asymmetric,0.1,none,Decoupling,0.5168 +/- 0.0747,0.2326 +/- 0.0374,0.0261 +/- 0.0151,0.1358 +/- 0.0517,0.9953 +/- 0.0041,14.29 +/- 0.30
CICIDS-2017,asymmetric,0.1,none,Graph-CoLD,0.9906 +/- 0.0006,0.0019 +/- 0.0003,0.0008 +/- 0.0000,1.0000 +/- 0.0000,0.9980 +/- 0.0017,10.64 +/- 0.52
CICIDS-2017,asymmetric,0.1,none,Noisy-Supervised,0.9387 +/- 0.0021,0.0017 +/- 0.0004,0.0770 +/- 0.0002,1.0000 +/- 0.0000,0.9996 +/- 0.0001,4.36 +/- 0.28
CICIDS-2017,asymmetric,0.1,none,ablation_hard,0.9635 +/- 0.0042,0.0019 +/- 0.0003,0.0046 +/- 0.0004,0.8388 +/- 0.0022,0.9989 +/- 0.0008,0.00 +/- 0.00
CICIDS-2017,asymmetric,0.2,none,Co-Teaching-lite,0.6794 +/- 0.0216,0.1662 +/- 0.0140,0.0306 +/- 0.0138,0.8052 +/- 0.0236,0.9978 +/- 0.0017,18.52 +/- 2.25
CICIDS-2017,asymmetric,0.2,none,CoLD,0.9632 +/- 0.0017,0.0018 +/- 0.0003,0.0048 +/- 0.0001,0.8396 +/- 0.0008,0.9989 +/- 0.0008,8.65 +/- 0.98
CICIDS-2017,asymmetric,0.2,none,Confident-Learning,0.8859 +/- 0.0348,0.0041 +/- 0.0038,0.0628 +/- 0.0019,0.8904 +/- 0.0169,0.9999 +/- 0.0001,26.89 +/- 3.42
CICIDS-2017,asymmetric,0.2,none,Decoupling,0.5591 +/- 0.0261,0.2372 +/- 0.0135,0.0379 +/- 0.0206,0.1645 +/- 0.0829,0.9962 +/- 0.0061,14.49 +/- 0.55
CICIDS-2017,asymmetric,0.2,none,Graph-CoLD,0.9894 +/- 0.0003,0.0018 +/- 0.0002,0.0010 +/- 0.0000,1.0000 +/- 0.0000,0.9980 +/- 0.0017,9.67 +/- 0.74
CICIDS-2017,asymmetric,0.2,none,Noisy-Supervised,0.8494 +/- 0.0032,0.0014 +/- 0.0003,0.2084 +/- 0.0014,1.0000 +/- 0.0000,0.9999 +/- 0.0001,4.56 +/- 0.35
CICIDS-2017,asymmetric,0.2,none,ablation_hard,0.9632 +/- 0.0017,0.0018 +/- 0.0003,0.0048 +/- 0.0001,0.8396 +/- 0.0008,0.9989 +/- 0.0008,0.00 +/- 0.00
CICIDS-2017,asymmetric,0.4,none,Co-Teaching-lite,0.6207 +/- 0.0535,0.1676 +/- 0.0174,0.1933 +/- 0.0991,0.7445 +/- 0.1028,0.9992 +/- 0.0012,16.86 +/- 1.98
CICIDS-2017,asymmetric,0.4,none,CoLD,0.9505 +/- 0.0065,0.0016 +/- 0.0003,0.0064 +/- 0.0004,0.8223 +/- 0.0018,0.9994 +/- 0.0008,5.98 +/- 0.15
CICIDS-2017,asymmetric,0.4,none,Confident-Learning,0.8445 +/- 0.0465,0.0097 +/- 0.0046,0.1412 +/- 0.0300,0.8558 +/- 0.0632,1.0000 +/- 0.0000,28.13 +/- 2.32
CICIDS-2017,asymmetric,0.4,none,Decoupling,0.5822 +/- 0.0135,0.2541 +/- 0.0117,0.0573 +/- 0.0253,0.1859 +/- 0.0632,0.9997 +/- 0.0002,14.62 +/- 0.56
CICIDS-2017,asymmetric,0.4,none,Graph-CoLD,0.9859 +/- 0.0005,0.0016 +/- 0.0003,0.0017 +/- 0.0001,1.0000 +/- 0.0000,0.9980 +/- 0.0017,6.84 +/- 0.25
CICIDS-2017,asymmetric,0.4,none,Noisy-Supervised,0.5864 +/- 0.0034,0.0010 +/- 0.0002,0.5351 +/- 0.0005,1.0000 +/- 0.0000,1.0000 +/- 0.0000,4.72 +/- 0.27
CICIDS-2017,asymmetric,0.4,none,ablation_hard,0.9505 +/- 0.0065,0.0016 +/- 0.0003,0.0064 +/- 0.0004,0.8223 +/- 0.0018,0.9994 +/- 0.0008,0.00 +/- 0.00
CICIDS-2017,asymmetric,0.6,none,Co-Teaching-lite,0.4924 +/- 0.0168,0.1223 +/- 0.0138,0.4027 +/- 0.2252,0.2794 +/- 0.2567,0.9999 +/- 0.0001,15.16 +/- 1.62
CICIDS-2017,asymmetric,0.6,none,CoLD,0.7364 +/- 0.0036,0.0010 +/- 0.0001,0.0159 +/- 0.0007,0.7108 +/- 0.0058,0.9999 +/- 0.0001,3.42 +/- 0.31
CICIDS-2017,asymmetric,0.6,none,Confident-Learning,0.6651 +/- 0.0960,0.0021 +/- 0.0004,0.6061 +/- 0.1093,0.7612 +/- 0.0506,1.0000 +/- 0.0000,27.40 +/- 3.42
CICIDS-2017,asymmetric,0.6,none,Decoupling,0.5098 +/- 0.0714,0.2454 +/- 0.0584,0.1833 +/- 0.1519,0.3827 +/- 0.0781,0.9978 +/- 0.0028,16.12 +/- 0.94
CICIDS-2017,asymmetric,0.6,none,Graph-CoLD,0.9710 +/- 0.0015,0.0012 +/- 0.0001,0.0045 +/- 0.0003,1.0000 +/- 0.0000,0.9996 +/- 0.0003,4.80 +/- 0.25
CICIDS-2017,asymmetric,0.6,none,Noisy-Supervised,0.2953 +/- 0.0023,0.0005 +/- 0.0000,0.7883 +/- 0.0013,1.0000 +/- 0.0000,1.0000 +/- 0.0000,4.41 +/- 0.27
CICIDS-2017,asymmetric,0.6,none,ablation_hard,0.7364 +/- 0.0036,0.0010 +/- 0.0001,0.0159 +/- 0.0007,0.7108 +/- 0.0058,0.9999 +/- 0.0001,0.00 +/- 0.00
CICIDS-2017,clean,0.0,none,Co-Teaching-lite,0.7229 +/- 0.0035,0.2588 +/- 0.0294,0.0031 +/- 0.0008,1.0000 +/- 0.0000,0.9943 +/- 0.0058,20.22 +/- 2.66
CICIDS-2017,clean,0.0,none,CoLD,0.9910 +/- 0.0006,0.0020 +/- 0.0003,0.0007 +/- 0.0000,1.0000 +/- 0.0000,0.9979 +/- 0.0018,11.99 +/- 1.09
CICIDS-2017,clean,0.0,none,Confident-Learning,0.9434 +/- 0.0089,0.0201 +/- 0.0046,0.0042 +/- 0.0005,1.0000 +/- 0.0000,0.9982 +/- 0.0009,27.27 +/- 6.17
CICIDS-2017,clean,0.0,none,Decoupling,0.5942 +/- 0.1149,0.2440 +/- 0.0331,0.0120 +/- 0.0097,1.0000 +/- 0.0000,0.9885 +/- 0.0140,15.66 +/- 2.32
CICIDS-2017,clean,0.0,none,Graph-CoLD,0.9909 +/- 0.0002,0.0020 +/- 0.0003,0.0007 +/- 0.0000,1.0000 +/- 0.0000,0.9979 +/- 0.0018,9.39 +/- 0.35
CICIDS-2017,clean,0.0,none,Noisy-Supervised,0.9898 +/- 0.0008,0.0020 +/- 0.0004,0.0008 +/- 0.0000,1.0000 +/- 0.0000,0.9956 +/- 0.0049,3.05 +/- 0.19
CICIDS-2017,clean,0.0,none,ablation_hard,0.9910 +/- 0.0006,0.0020 +/- 0.0003,0.0007 +/- 0.0000,1.0000 +/- 0.0000,0.9979 +/- 0.0018,0.00 +/- 0.00
CICIDS-2017,graph_consistency,0.1,0.0,Co-Teaching-lite,0.6274 +/- 0.0125,0.3059 +/- 0.0347,0.0015 +/- 0.0003,0.9124 +/- 0.0444,0.9813 +/- 0.0160,21.51 +/- 1.90
CICIDS-2017,graph_consistency,0.1,0.0,CoLD,0.9646 +/- 0.0034,0.0020 +/- 0.0002,0.0039 +/- 0.0009,0.8414 +/- 0.0019,0.9990 +/- 0.0007,9.42 +/- 0.34
CICIDS-2017,graph_consistency,0.1,0.0,Confident-Learning,0.6261 +/- 0.0194,0.1133 +/- 0.0139,0.0067 +/- 0.0029,0.8231 +/- 0.0106,0.9995 +/- 0.0007,26.30 +/- 4.14
CICIDS-2017,graph_consistency,0.1,0.0,Decoupling,0.5423 +/- 0.0411,0.4797 +/- 0.2322,0.0037 +/- 0.0033,0.1745 +/- 0.0944,0.9902 +/- 0.0096,14.42 +/- 0.58
CICIDS-2017,graph_consistency,0.1,0.0,Graph-CoLD,0.9903 +/- 0.0008,0.0020 +/- 0.0003,0.0008 +/- 0.0000,1.0000 +/- 0.0000,0.9981 +/- 0.0016,10.25 +/- 0.83
CICIDS-2017,graph_consistency,0.1,0.0,Noisy-Supervised,0.7304 +/- 0.0018,0.0443 +/- 0.0013,0.0046 +/- 0.0001,1.0000 +/- 0.0000,0.9978 +/- 0.0021,4.85 +/- 0.51
CICIDS-2017,graph_consistency,0.1,0.0,ablation_hard,0.9646 +/- 0.0034,0.0020 +/- 0.0002,0.0039 +/- 0.0009,0.8414 +/- 0.0019,0.9990 +/- 0.0007,0.00 +/- 0.00
CICIDS-2017,graph_consistency,0.1,0.6,Co-Teaching-lite,0.5956 +/- 0.0405,0.3787 +/- 0.0822,0.0010 +/- 0.0006,0.9123 +/- 0.0301,0.9927 +/- 0.0032,21.07 +/- 3.02
CICIDS-2017,graph_consistency,0.1,0.6,CoLD,0.9654 +/- 0.0039,0.0020 +/- 0.0002,0.0038 +/- 0.0004,0.8409 +/- 0.0016,0.9990 +/- 0.0007,10.39 +/- 0.63
CICIDS-2017,graph_consistency,0.1,0.6,Confident-Learning,0.7245 +/- 0.0158,0.1290 +/- 0.0443,0.0063 +/- 0.0017,0.8589 +/- 0.0541,0.9990 +/- 0.0007,26.11 +/- 3.97
CICIDS-2017,graph_consistency,0.1,0.6,Decoupling,0.6287 +/- 0.0401,0.3374 +/- 0.0434,0.0015 +/- 0.0008,0.3320 +/- 0.1255,0.9926 +/- 0.0086,15.33 +/- 0.24
CICIDS-2017,graph_consistency,0.1,0.6,Graph-CoLD,0.9902 +/- 0.0006,0.0021 +/- 0.0002,0.0008 +/- 0.0000,1.0000 +/- 0.0000,0.9982 +/- 0.0016,9.07 +/- 0.76
CICIDS-2017,graph_consistency,0.1,0.6,Noisy-Supervised,0.8054 +/- 0.0050,0.0415 +/- 0.0007,0.0146 +/- 0.0001,1.0000 +/- 0.0000,0.9995 +/- 0.0003,4.64 +/- 0.30
CICIDS-2017,graph_consistency,0.1,0.6,ablation_hard,0.9654 +/- 0.0039,0.0020 +/- 0.0002,0.0038 +/- 0.0004,0.8409 +/- 0.0016,0.9990 +/- 0.0007,0.00 +/- 0.00
CICIDS-2017,graph_consistency,0.2,0.0,Co-Teaching-lite,0.6173 +/- 0.0057,0.2845 +/- 0.0103,0.0016 +/- 0.0003,0.8102 +/- 0.0493,0.9849 +/- 0.0122,20.45 +/- 2.19
CICIDS-2017,graph_consistency,0.2,0.0,CoLD,0.9665 +/- 0.0044,0.0020 +/- 0.0003,0.0037 +/- 0.0004,0.8421 +/- 0.0026,0.9990 +/- 0.0003,8.43 +/- 0.19
CICIDS-2017,graph_consistency,0.2,0.0,Confident-Learning,0.6175 +/- 0.0225,0.1593 +/- 0.0132,0.0031 +/- 0.0012,0.7550 +/- 0.0429,0.9992 +/- 0.0011,24.97 +/- 1.04
CICIDS-2017,graph_consistency,0.2,0.0,Decoupling,0.6011 +/- 0.0459,0.2491 +/- 0.0708,0.0257 +/- 0.0362,0.1481 +/- 0.0138,0.9948 +/- 0.0073,14.04 +/- 0.12
CICIDS-2017,graph_consistency,0.2,0.0,Graph-CoLD,0.9895 +/- 0.0011,0.0021 +/- 0.0004,0.0009 +/- 0.0001,1.0000 +/- 0.0000,0.9963 +/- 0.0019,9.03 +/- 0.38
CICIDS-2017,graph_consistency,0.2,0.0,Noisy-Supervised,0.6151 +/- 0.0026,0.0945 +/- 0.0018,0.0090 +/- 0.0002,1.0000 +/- 0.0000,0.9998 +/- 0.0000,5.05 +/- 0.49
CICIDS-2017,graph_consistency,0.2,0.0,ablation_hard,0.9665 +/- 0.0044,0.0020 +/- 0.0003,0.0037 +/- 0.0004,0.8421 +/- 0.0026,0.9990 +/- 0.0003,0.00 +/- 0.00
CICIDS-2017,graph_consistency,0.2,0.6,Co-Teaching-lite,0.6136 +/- 0.0165,0.3408 +/- 0.0215,0.0019 +/- 0.0007,0.8738 +/- 0.0240,0.9884 +/- 0.0095,19.93 +/- 2.51
CICIDS-2017,graph_consistency,0.2,0.6,CoLD,0.9638 +/- 0.0033,0.0021 +/- 0.0003,0.0042 +/- 0.0006,0.8408 +/- 0.0015,0.9991 +/- 0.0006,9.16 +/- 0.49
CICIDS-2017,graph_consistency,0.2,0.6,Confident-Learning,0.6346 +/- 0.0472,0.1504 +/- 0.0055,0.0078 +/- 0.0010,0.7691 +/- 0.0546,0.9993 +/- 0.0011,26.46 +/- 4.30
CICIDS-2017,graph_consistency,0.2,0.6,Decoupling,0.5676 +/- 0.0373,0.3520 +/- 0.0595,0.0035 +/- 0.0044,0.1681 +/- 0.0543,0.9890 +/- 0.0088,14.46 +/- 0.51
CICIDS-2017,graph_consistency,0.2,0.6,Graph-CoLD,0.9900 +/- 0.0008,0.0021 +/- 0.0003,0.0008 +/- 0.0001,1.0000 +/- 0.0000,0.9972 +/- 0.0035,7.72 +/- 0.50
CICIDS-2017,graph_consistency,0.2,0.6,Noisy-Supervised,0.6998 +/- 0.0016,0.0917 +/- 0.0006,0.0333 +/- 0.0010,1.0000 +/- 0.0000,0.9999 +/- 0.0001,5.02 +/- 0.41
CICIDS-2017,graph_consistency,0.2,0.6,ablation_hard,0.9638 +/- 0.0033,0.0021 +/- 0.0003,0.0042 +/- 0.0006,0.8408 +/- 0.0015,0.9991 +/- 0.0006,0.00 +/- 0.00
CICIDS-2017,graph_consistency,0.4,0.0,Co-Teaching-lite,0.6345 +/- 0.0107,0.2839 +/- 0.0079,0.0022 +/- 0.0005,0.7165 +/- 0.0765,0.9827 +/- 0.0115,18.78 +/- 1.89
CICIDS-2017,graph_consistency,0.4,0.0,CoLD,0.9646 +/- 0.0036,0.0022 +/- 0.0003,0.0041 +/- 0.0007,0.8425 +/- 0.0046,0.9988 +/- 0.0002,6.10 +/- 0.09
CICIDS-2017,graph_consistency,0.4,0.0,Confident-Learning,0.5485 +/- 0.0415,0.2429 +/- 0.0661,0.0025 +/- 0.0003,0.6901 +/- 0.0779,0.9988 +/- 0.0011,27.51 +/- 6.31
CICIDS-2017,graph_consistency,0.4,0.0,Decoupling,0.5468 +/- 0.0111,0.1958 +/- 0.0074,0.0116 +/- 0.0049,0.1653 +/- 0.0244,0.9968 +/- 0.0008,13.93 +/- 0.06
CICIDS-2017,graph_consistency,0.4,0.0,Graph-CoLD,0.9886 +/- 0.0009,0.0022 +/- 0.0004,0.0010 +/- 0.0001,1.0000 +/- 0.0000,0.9953 +/- 0.0019,6.67 +/- 0.30
CICIDS-2017,graph_consistency,0.4,0.0,Noisy-Supervised,0.4575 +/- 0.0009,0.2340 +/- 0.0044,0.0227 +/- 0.0003,1.0000 +/- 0.0000,0.9999 +/- 0.0000,5.09 +/- 0.15
CICIDS-2017,graph_consistency,0.4,0.0,ablation_hard,0.9646 +/- 0.0036,0.0022 +/- 0.0003,0.0041 +/- 0.0007,0.8425 +/- 0.0046,0.9988 +/- 0.0002,0.00 +/- 0.00
CICIDS-2017,graph_consistency,0.4,0.6,Co-Teaching-lite,0.5692 +/- 0.0317,0.3498 +/- 0.0311,0.0018 +/- 0.0005,0.7198 +/- 0.0432,0.9845 +/- 0.0134,18.15 +/- 1.59
CICIDS-2017,graph_consistency,0.4,0.6,CoLD,0.9643 +/- 0.0015,0.0022 +/- 0.0002,0.0038 +/- 0.0002,0.8397 +/- 0.0010,0.9992 +/- 0.0003,6.22 +/- 0.13
CICIDS-2017,graph_consistency,0.4,0.6,Confident-Learning,0.5636 +/- 0.0044,0.2183 +/- 0.0745,0.0114 +/- 0.0051,0.6853 +/- 0.0304,0.9990 +/- 0.0008,25.89 +/- 3.92
CICIDS-2017,graph_consistency,0.4,0.6,Decoupling,0.5107 +/- 0.0524,0.3848 +/- 0.0264,0.0006 +/- 0.0005,0.2298 +/- 0.0082,0.9478 +/- 0.0561,14.47 +/- 0.18
CICIDS-2017,graph_consistency,0.4,0.6,Graph-CoLD,0.9894 +/- 0.0003,0.0022 +/- 0.0003,0.0009 +/- 0.0000,1.0000 +/- 0.0000,0.9970 +/- 0.0024,5.59 +/- 0.24
CICIDS-2017,graph_consistency,0.4,0.6,Noisy-Supervised,0.5118 +/- 0.0038,0.2405 +/- 0.0044,0.0944 +/- 0.0012,1.0000 +/- 0.0000,1.0000 +/- 0.0000,5.23 +/- 0.21
CICIDS-2017,graph_consistency,0.4,0.6,ablation_hard,0.9643 +/- 0.0015,0.0022 +/- 0.0002,0.0038 +/- 0.0002,0.8397 +/- 0.0010,0.9992 +/- 0.0003,0.00 +/- 0.00
CICIDS-2017,graph_consistency,0.6,0.0,Co-Teaching-lite,0.5091 +/- 0.0238,0.2699 +/- 0.0187,0.0066 +/- 0.0011,0.5607 +/- 0.0225,0.9918 +/- 0.0058,17.98 +/- 1.32
CICIDS-2017,graph_consistency,0.6,0.0,CoLD,0.9621 +/- 0.0045,0.0024 +/- 0.0004,0.0043 +/- 0.0009,0.8421 +/- 0.0041,0.9985 +/- 0.0012,3.76 +/- 0.22
CICIDS-2017,graph_consistency,0.6,0.0,Confident-Learning,0.4369 +/- 0.0405,0.2261 +/- 0.0375,0.0084 +/- 0.0035,0.5944 +/- 0.0360,0.9999 +/- 0.0001,25.99 +/- 1.24
CICIDS-2017,graph_consistency,0.6,0.0,Decoupling,0.5258 +/- 0.0412,0.1985 +/- 0.0303,0.0160 +/- 0.0072,0.2503 +/- 0.0229,0.9836 +/- 0.0257,14.11 +/- 0.12
CICIDS-2017,graph_consistency,0.6,0.0,Graph-CoLD,0.9858 +/- 0.0012,0.0025 +/- 0.0003,0.0012 +/- 0.0001,1.0000 +/- 0.0000,0.9964 +/- 0.0011,4.67 +/- 0.52
CICIDS-2017,graph_consistency,0.6,0.0,Noisy-Supervised,0.3116 +/- 0.0012,0.4464 +/- 0.0017,0.0461 +/- 0.0008,1.0000 +/- 0.0000,1.0000 +/- 0.0000,5.25 +/- 0.33
CICIDS-2017,graph_consistency,0.6,0.0,ablation_hard,0.9621 +/- 0.0045,0.0024 +/- 0.0004,0.0043 +/- 0.0009,0.8421 +/- 0.0041,0.9985 +/- 0.0012,0.00 +/- 0.00
CICIDS-2017,graph_consistency,0.6,0.6,Co-Teaching-lite,0.5288 +/- 0.0107,0.4719 +/- 0.0415,0.0348 +/- 0.0563,0.6750 +/- 0.0564,0.9983 +/- 0.0009,16.71 +/- 0.71
CICIDS-2017,graph_consistency,0.6,0.6,CoLD,0.9619 +/- 0.0042,0.0024 +/- 0.0004,0.0045 +/- 0.0009,0.8401 +/- 0.0021,0.9982 +/- 0.0015,3.57 +/- 0.23
CICIDS-2017,graph_consistency,0.6,0.6,Confident-Learning,0.4169 +/- 0.0352,0.4337 +/- 0.0510,0.0362 +/- 0.0195,0.5840 +/- 0.0870,0.9999 +/- 0.0001,24.79 +/- 5.26
CICIDS-2017,graph_consistency,0.6,0.6,Decoupling,0.4450 +/- 0.0486,0.6740 +/- 0.1396,0.0001 +/- 0.0000,0.3903 +/- 0.0054,0.9980 +/- 0.0026,15.76 +/- 0.20
CICIDS-2017,graph_consistency,0.6,0.6,Graph-CoLD,0.9868 +/- 0.0004,0.0025 +/- 0.0004,0.0011 +/- 0.0001,1.0000 +/- 0.0000,0.9980 +/- 0.0017,4.05 +/- 0.13
CICIDS-2017,graph_consistency,0.6,0.6,Noisy-Supervised,0.3337 +/- 0.0036,0.4651 +/- 0.0042,0.1910 +/- 0.0018,1.0000 +/- 0.0000,1.0000 +/- 0.0000,5.27 +/- 0.26
CICIDS-2017,graph_consistency,0.6,0.6,ablation_hard,0.9619 +/- 0.0042,0.0024 +/- 0.0004,0.0045 +/- 0.0009,0.8401 +/- 0.0021,0.9982 +/- 0.0015,0.00 +/- 0.00
CICIDS-2017,symmetric,0.1,none,Co-Teaching-lite,0.6274 +/- 0.0125,0.3059 +/- 0.0347,0.0015 +/- 0.0003,0.9124 +/- 0.0444,0.9813 +/- 0.0160,22.08 +/- 2.49
CICIDS-2017,symmetric,0.1,none,CoLD,0.9646 +/- 0.0034,0.0020 +/- 0.0002,0.0039 +/- 0.0009,0.8414 +/- 0.0019,0.9990 +/- 0.0007,10.22 +/- 0.55
CICIDS-2017,symmetric,0.1,none,Confident-Learning,0.6261 +/- 0.0194,0.1133 +/- 0.0139,0.0067 +/- 0.0029,0.8231 +/- 0.0106,0.9995 +/- 0.0007,26.34 +/- 4.14
CICIDS-2017,symmetric,0.1,none,Decoupling,0.5423 +/- 0.0411,0.4797 +/- 0.2322,0.0037 +/- 0.0033,0.1745 +/- 0.0944,0.9902 +/- 0.0096,14.33 +/- 0.47
CICIDS-2017,symmetric,0.1,none,Graph-CoLD,0.9903 +/- 0.0008,0.0020 +/- 0.0003,0.0008 +/- 0.0000,1.0000 +/- 0.0000,0.9981 +/- 0.0016,10.89 +/- 1.03
CICIDS-2017,symmetric,0.1,none,Noisy-Supervised,0.7304 +/- 0.0018,0.0443 +/- 0.0013,0.0046 +/- 0.0001,1.0000 +/- 0.0000,0.9978 +/- 0.0021,4.74 +/- 0.35
CICIDS-2017,symmetric,0.1,none,ablation_hard,0.9646 +/- 0.0034,0.0020 +/- 0.0002,0.0039 +/- 0.0009,0.8414 +/- 0.0019,0.9990 +/- 0.0007,0.00 +/- 0.00
CICIDS-2017,symmetric,0.2,none,Co-Teaching-lite,0.6173 +/- 0.0057,0.2845 +/- 0.0103,0.0016 +/- 0.0003,0.8102 +/- 0.0493,0.9849 +/- 0.0122,20.29 +/- 2.81
CICIDS-2017,symmetric,0.2,none,CoLD,0.9665 +/- 0.0044,0.0020 +/- 0.0003,0.0037 +/- 0.0004,0.8421 +/- 0.0026,0.9990 +/- 0.0003,9.27 +/- 0.86
CICIDS-2017,symmetric,0.2,none,Confident-Learning,0.6175 +/- 0.0225,0.1593 +/- 0.0132,0.0031 +/- 0.0012,0.7550 +/- 0.0429,0.9992 +/- 0.0011,26.25 +/- 3.80
CICIDS-2017,symmetric,0.2,none,Decoupling,0.6011 +/- 0.0459,0.2491 +/- 0.0708,0.0257 +/- 0.0362,0.1481 +/- 0.0138,0.9948 +/- 0.0073,14.18 +/- 0.20
CICIDS-2017,symmetric,0.2,none,Graph-CoLD,0.9895 +/- 0.0011,0.0021 +/- 0.0004,0.0009 +/- 0.0001,1.0000 +/- 0.0000,0.9963 +/- 0.0019,9.24 +/- 0.50
CICIDS-2017,symmetric,0.2,none,Noisy-Supervised,0.6151 +/- 0.0026,0.0945 +/- 0.0018,0.0090 +/- 0.0002,1.0000 +/- 0.0000,0.9998 +/- 0.0000,5.19 +/- 0.37
CICIDS-2017,symmetric,0.2,none,ablation_hard,0.9665 +/- 0.0044,0.0020 +/- 0.0003,0.0037 +/- 0.0004,0.8421 +/- 0.0026,0.9990 +/- 0.0003,0.00 +/- 0.00
CICIDS-2017,symmetric,0.4,none,Co-Teaching-lite,0.6345 +/- 0.0107,0.2839 +/- 0.0079,0.0022 +/- 0.0005,0.7165 +/- 0.0765,0.9827 +/- 0.0115,18.83 +/- 1.72
CICIDS-2017,symmetric,0.4,none,CoLD,0.9646 +/- 0.0036,0.0022 +/- 0.0003,0.0041 +/- 0.0007,0.8425 +/- 0.0046,0.9988 +/- 0.0002,6.19 +/- 0.67
CICIDS-2017,symmetric,0.4,none,Confident-Learning,0.5485 +/- 0.0415,0.2429 +/- 0.0661,0.0025 +/- 0.0003,0.6901 +/- 0.0779,0.9988 +/- 0.0011,26.33 +/- 1.64
CICIDS-2017,symmetric,0.4,none,Decoupling,0.5468 +/- 0.0111,0.1958 +/- 0.0074,0.0116 +/- 0.0049,0.1653 +/- 0.0244,0.9968 +/- 0.0008,14.09 +/- 0.34
CICIDS-2017,symmetric,0.4,none,Graph-CoLD,0.9886 +/- 0.0009,0.0022 +/- 0.0004,0.0010 +/- 0.0001,1.0000 +/- 0.0000,0.9953 +/- 0.0019,6.84 +/- 0.69
CICIDS-2017,symmetric,0.4,none,Noisy-Supervised,0.4575 +/- 0.0009,0.2340 +/- 0.0044,0.0227 +/- 0.0003,1.0000 +/- 0.0000,0.9999 +/- 0.0000,5.21 +/- 0.39
CICIDS-2017,symmetric,0.4,none,ablation_hard,0.9646 +/- 0.0036,0.0022 +/- 0.0003,0.0041 +/- 0.0007,0.8425 +/- 0.0046,0.9988 +/- 0.0002,0.00 +/- 0.00
CICIDS-2017,symmetric,0.6,none,Co-Teaching-lite,0.5091 +/- 0.0238,0.2699 +/- 0.0187,0.0066 +/- 0.0011,0.5607 +/- 0.0225,0.9918 +/- 0.0058,17.08 +/- 1.56
CICIDS-2017,symmetric,0.6,none,CoLD,0.9621 +/- 0.0045,0.0024 +/- 0.0004,0.0043 +/- 0.0009,0.8421 +/- 0.0041,0.9985 +/- 0.0012,3.79 +/- 0.31
CICIDS-2017,symmetric,0.6,none,Confident-Learning,0.4369 +/- 0.0405,0.2261 +/- 0.0375,0.0084 +/- 0.0035,0.5944 +/- 0.0360,0.9999 +/- 0.0001,25.72 +/- 2.70
CICIDS-2017,symmetric,0.6,none,Decoupling,0.5258 +/- 0.0412,0.1985 +/- 0.0303,0.0160 +/- 0.0072,0.2503 +/- 0.0229,0.9836 +/- 0.0257,14.11 +/- 0.16
CICIDS-2017,symmetric,0.6,none,Graph-CoLD,0.9858 +/- 0.0012,0.0025 +/- 0.0003,0.0012 +/- 0.0001,1.0000 +/- 0.0000,0.9964 +/- 0.0011,4.49 +/- 0.38
CICIDS-2017,symmetric,0.6,none,Noisy-Supervised,0.3116 +/- 0.0012,0.4464 +/- 0.0017,0.0461 +/- 0.0008,1.0000 +/- 0.0000,1.0000 +/- 0.0000,5.54 +/- 0.68
CICIDS-2017,symmetric,0.6,none,ablation_hard,0.9621 +/- 0.0045,0.0024 +/- 0.0004,0.0043 +/- 0.0009,0.8421 +/- 0.0041,0.9985 +/- 0.0012,0.00 +/- 0.00
