dataset,reported_as,dataset_hash,actual_data_path,class_policy,num_classes,sample_policy,sample_size,sample_seed,sampling_stratified,noise_type,noise_rate,graph_beta,seed,split_id,noise_seed,model_seed,method,method_family,implementation_status,macro_f1,fpr,fnr,err,err_tail,err_final,compression_ratio,mean_weight,retained_fraction,retained_fraction_clean_informative,n_eff_ratio,runtime_sec,memory_mb,active_views,source_verified,replacement_for,faithfulness_level,baseline_source,smoke_passed,implementation_notes
cicids2017,CICIDS-2017,2585508ac445a94a3eb2244aa64778678928d201555396b4b9afc1ed6a2f1ab4,C:\Users\g14370\graph-cold\data\cicids2017,postfilter11,11,full_postfilter11_after_min_count_and_dominant_downsample,787999,42,True,clean,0.0,none,0,8c6a3f10d9fc1435,0,0,Decoupling,decoupling,implemented_smoke_passed,0.671236278330126,0.2414584009520718,0.0039592404722359,1.0,1.0,1.0,0.972988578680203,0.1440516244473738,0.1440516244473738,0.1440516244473738,0.1440516244473738,18.34087479999289,422.1747589111328,host|ip|temporal,True,,standard tabular implementation of disagreement-update Decoupling,local_sklearn_sgd_disagreement_update,True,two SGD classifiers update on post-warmup disagreements using noisy_y_train
cicids2017,CICIDS-2017,2585508ac445a94a3eb2244aa64778678928d201555396b4b9afc1ed6a2f1ab4,C:\Users\g14370\graph-cold\data\cicids2017,postfilter11,11,full_postfilter11_after_min_count_and_dominant_downsample,787999,42,True,symmetric,0.1,none,0,8c6a3f10d9fc1435,0,0,Decoupling,decoupling,implemented_smoke_passed,0.5367262094220077,0.7458184572108623,0.0014364591282488,0.1305988773713199,0.1767331910805749,0.1536660342259474,0.993477157360406,0.1304078845302737,0.1304078845302737,0.1253384094754653,0.1304078845302737,14.28974560002098,422.17356872558594,host|ip|temporal,True,,standard tabular implementation of disagreement-update Decoupling,local_sklearn_sgd_disagreement_update,True,two SGD classifiers update on post-warmup disagreements using noisy_y_train
cicids2017,CICIDS-2017,2585508ac445a94a3eb2244aa64778678928d201555396b4b9afc1ed6a2f1ab4,C:\Users\g14370\graph-cold\data\cicids2017,postfilter11,11,full_postfilter11_after_min_count_and_dominant_downsample,787999,42,True,symmetric,0.2,none,0,8c6a3f10d9fc1435,0,0,Decoupling,decoupling,implemented_smoke_passed,0.5595630736827906,0.3095531753759601,0.0036450150379314,0.1292363463752669,0.1987958110657275,0.1640160787204972,0.999733502538071,0.1145179481566436,0.1145179481566436,0.1089308375634517,0.1145179481566436,14.37743860000046,422.1735534667969,host|ip|temporal,True,,standard tabular implementation of disagreement-update Decoupling,local_sklearn_sgd_disagreement_update,True,two SGD classifiers update on post-warmup disagreements using noisy_y_train
cicids2017,CICIDS-2017,2585508ac445a94a3eb2244aa64778678928d201555396b4b9afc1ed6a2f1ab4,C:\Users\g14370\graph-cold\data\cicids2017,postfilter11,11,full_postfilter11_after_min_count_and_dominant_downsample,787999,42,True,symmetric,0.4,none,0,8c6a3f10d9fc1435,0,0,Decoupling,decoupling,implemented_smoke_passed,0.5370542217707853,0.1917991993941361,0.0090676482470709,0.129940567680996,0.2519135736133215,0.1909270706471587,0.99625,0.0708265717426582,0.0708265717426582,0.0812502643488558,0.0708265717426582,14.03803529997822,422.17349433898926,host|ip|temporal,True,,standard tabular implementation of disagreement-update Decoupling,local_sklearn_sgd_disagreement_update,True,two SGD classifiers update on post-warmup disagreements using noisy_y_train
cicids2017,CICIDS-2017,2585508ac445a94a3eb2244aa64778678928d201555396b4b9afc1ed6a2f1ab4,C:\Users\g14370\graph-cold\data\cicids2017,postfilter11,11,full_postfilter11_after_min_count_and_dominant_downsample,787999,42,True,symmetric,0.6,none,0,8c6a3f10d9fc1435,0,0,Decoupling,decoupling,implemented_smoke_passed,0.5533789463787415,0.1912149734934545,0.016941239843785,0.1814582858877794,0.3278024978565526,0.254630391872166,0.9994670050761422,0.097563606541254,0.097563606541254,0.1177506345177665,0.097563606541254,14.148559499997646,422.1735229492188,host|ip|temporal,True,,standard tabular implementation of disagreement-update Decoupling,local_sklearn_sgd_disagreement_update,True,two SGD classifiers update on post-warmup disagreements using noisy_y_train
cicids2017,CICIDS-2017,2585508ac445a94a3eb2244aa64778678928d201555396b4b9afc1ed6a2f1ab4,C:\Users\g14370\graph-cold\data\cicids2017,postfilter11,11,full_postfilter11_after_min_count_and_dominant_downsample,787999,42,True,asymmetric,0.1,none,0,8c6a3f10d9fc1435,0,0,Decoupling,decoupling,implemented_smoke_passed,0.5253986099866785,0.2671643405820621,0.0175427571037392,0.1672362525243022,0.2196099602065859,0.193423106365444,0.9920939086294416,0.1757854945835891,0.1757854945835891,0.1668429216018048,0.1757854945835891,14.633610999968369,422.1735076904297,host|ip|temporal,True,,standard tabular implementation of disagreement-update Decoupling,local_sklearn_sgd_disagreement_update,True,two SGD classifiers update on post-warmup disagreements using noisy_y_train
cicids2017,CICIDS-2017,2585508ac445a94a3eb2244aa64778678928d201555396b4b9afc1ed6a2f1ab4,C:\Users\g14370\graph-cold\data\cicids2017,postfilter11,11,full_postfilter11_after_min_count_and_dominant_downsample,787999,42,True,asymmetric,0.2,none,0,8c6a3f10d9fc1435,0,0,Decoupling,decoupling,implemented_smoke_passed,0.5405426513825189,0.2501568754733311,0.0165821250617228,0.2250469577662298,0.265192589026996,0.2451197733966129,0.9891180203045684,0.2422878208880407,0.2422878208880407,0.2398749796919363,0.2422878208880407,14.991199299984146,422.1734771728516,host|ip|temporal,True,,standard tabular implementation of disagreement-update Decoupling,local_sklearn_sgd_disagreement_update,True,two SGD classifiers update on post-warmup disagreements using noisy_y_train
cicids2017,CICIDS-2017,2585508ac445a94a3eb2244aa64778678928d201555396b4b9afc1ed6a2f1ab4,C:\Users\g14370\graph-cold\data\cicids2017,postfilter11,11,full_postfilter11_after_min_count_and_dominant_downsample,787999,42,True,asymmetric,0.4,none,0,8c6a3f10d9fc1435,0,0,Decoupling,decoupling,implemented_smoke_passed,0.5978027480378407,0.267121064589419,0.0350675584683754,0.204923676821812,0.2553136222819579,0.230118649551885,0.9995812182741116,0.1662375733464044,0.1662375733464044,0.2272981323884547,0.1662375733464044,14.835071800043806,422.1734619140625,host|ip|temporal,True,,standard tabular implementation of disagreement-update Decoupling,local_sklearn_sgd_disagreement_update,True,two SGD classifiers update on post-warmup disagreements using noisy_y_train
cicids2017,CICIDS-2017,2585508ac445a94a3eb2244aa64778678928d201555396b4b9afc1ed6a2f1ab4,C:\Users\g14370\graph-cold\data\cicids2017,postfilter11,11,full_postfilter11_after_min_count_and_dominant_downsample,787999,42,True,asymmetric,0.6,none,0,8c6a3f10d9fc1435,0,0,Decoupling,decoupling,implemented_smoke_passed,0.5268338014658833,0.2541599047928162,0.1081115051398303,0.4412586515971398,0.4530690839731887,0.4471638677851642,0.9986611675126904,0.5848438845873803,0.5848438845873803,0.4865087800003173,0.5848438845873803,17.189093399967533,422.1734027862549,host|ip|temporal,True,,standard tabular implementation of disagreement-update Decoupling,local_sklearn_sgd_disagreement_update,True,two SGD classifiers update on post-warmup disagreements using noisy_y_train
cicids2017,CICIDS-2017,2585508ac445a94a3eb2244aa64778678928d201555396b4b9afc1ed6a2f1ab4,C:\Users\g14370\graph-cold\data\cicids2017,postfilter11,11,full_postfilter11_after_min_count_and_dominant_downsample,787999,42,True,graph_consistency,0.1,0.0,0,8c6a3f10d9fc1435,0,0,Decoupling,decoupling,implemented_smoke_passed,0.5367262094220077,0.7458184572108623,0.0014364591282488,0.1305988773713199,0.1767331910805749,0.1536660342259474,0.993477157360406,0.1304078845302737,0.1304078845302737,0.1253384094754653,0.1304078845302737,14.26074650004739,422.1734313964844,host|ip|temporal,True,,standard tabular implementation of disagreement-update Decoupling,local_sklearn_sgd_disagreement_update,True,two SGD classifiers update on post-warmup disagreements using noisy_y_train
cicids2017,CICIDS-2017,2585508ac445a94a3eb2244aa64778678928d201555396b4b9afc1ed6a2f1ab4,C:\Users\g14370\graph-cold\data\cicids2017,postfilter11,11,full_postfilter11_after_min_count_and_dominant_downsample,787999,42,True,graph_consistency,0.1,0.6,0,8c6a3f10d9fc1435,0,0,Decoupling,decoupling,implemented_smoke_passed,0.6215784247117674,0.3851563345234231,0.0007990303900884,0.3186396122311419,0.4807702660145563,0.3997049391228491,0.9996192893401016,0.2878605454640632,0.2878605454640632,0.2837069937958262,0.2878605454640632,15.37274449999677,422.1736526489258,host|ip|temporal,True,,standard tabular implementation of disagreement-update Decoupling,local_sklearn_sgd_disagreement_update,True,two SGD classifiers update on post-warmup disagreements using noisy_y_train
cicids2017,CICIDS-2017,2585508ac445a94a3eb2244aa64778678928d201555396b4b9afc1ed6a2f1ab4,C:\Users\g14370\graph-cold\data\cicids2017,postfilter11,11,full_postfilter11_after_min_count_and_dominant_downsample,787999,42,True,graph_consistency,0.2,0.0,0,8c6a3f10d9fc1435,0,0,Decoupling,decoupling,implemented_smoke_passed,0.5595630736827906,0.3095531753759601,0.0036450150379314,0.1292363463752669,0.1987958110657275,0.1640160787204972,0.999733502538071,0.1145179481566436,0.1145179481566436,0.1089308375634517,0.1145179481566436,14.064626300008968,422.1734008789063,host|ip|temporal,True,,standard tabular implementation of disagreement-update Decoupling,local_sklearn_sgd_disagreement_update,True,two SGD classifiers update on post-warmup disagreements using noisy_y_train
cicids2017,CICIDS-2017,2585508ac445a94a3eb2244aa64778678928d201555396b4b9afc1ed6a2f1ab4,C:\Users\g14370\graph-cold\data\cicids2017,postfilter11,11,full_postfilter11_after_min_count_and_dominant_downsample,787999,42,True,graph_consistency,0.2,0.6,0,8c6a3f10d9fc1435,0,0,Decoupling,decoupling,implemented_smoke_passed,0.5476159232253388,0.3541274477983339,0.001714773084347,0.0874671011499532,0.1264449979974761,0.1069560495737147,0.984003807106599,0.0834074927149313,0.0834074927149313,0.0744685913705583,0.0834074927149313,13.95444739999948,422.17362213134766,host|ip|temporal,True,,standard tabular implementation of disagreement-update Decoupling,local_sklearn_sgd_disagreement_update,True,two SGD classifiers update on post-warmup disagreements using noisy_y_train
cicids2017,CICIDS-2017,2585508ac445a94a3eb2244aa64778678928d201555396b4b9afc1ed6a2f1ab4,C:\Users\g14370\graph-cold\data\cicids2017,postfilter11,11,full_postfilter11_after_min_count_and_dominant_downsample,787999,42,True,graph_consistency,0.4,0.0,0,8c6a3f10d9fc1435,0,0,Decoupling,decoupling,implemented_smoke_passed,0.5370542217707853,0.1917991993941361,0.0090676482470709,0.129940567680996,0.2519135736133215,0.1909270706471587,0.99625,0.0708265717426582,0.0708265717426582,0.0812502643488558,0.0708265717426582,13.996600400016176,422.1733703613281,host|ip|temporal,True,,standard tabular implementation of disagreement-update Decoupling,local_sklearn_sgd_disagreement_update,True,two SGD classifiers update on post-warmup disagreements using noisy_y_train
cicids2017,CICIDS-2017,2585508ac445a94a3eb2244aa64778678928d201555396b4b9afc1ed6a2f1ab4,C:\Users\g14370\graph-cold\data\cicids2017,postfilter11,11,full_postfilter11_after_min_count_and_dominant_downsample,787999,42,True,graph_consistency,0.4,0.6,0,8c6a3f10d9fc1435,0,0,Decoupling,decoupling,implemented_smoke_passed,0.4619134080519178,0.4109488261386995,2.6933608654666247e-05,0.2408553784032422,0.2363513695209434,0.2386033739620928,0.973293147208122,0.2397386417173885,0.2397386417173885,0.2505181895093062,0.2397386417173885,14.664101999951528,422.17357635498047,host|ip|temporal,True,,standard tabular implementation of disagreement-update Decoupling,local_sklearn_sgd_disagreement_update,True,two SGD classifiers update on post-warmup disagreements using noisy_y_train
cicids2017,CICIDS-2017,2585508ac445a94a3eb2244aa64778678928d201555396b4b9afc1ed6a2f1ab4,C:\Users\g14370\graph-cold\data\cicids2017,postfilter11,11,full_postfilter11_after_min_count_and_dominant_downsample,787999,42,True,graph_consistency,0.6,0.0,0,8c6a3f10d9fc1435,0,0,Decoupling,decoupling,implemented_smoke_passed,0.5533789463787415,0.1912149734934545,0.016941239843785,0.1814582858877794,0.3278024978565526,0.254630391872166,0.9994670050761422,0.097563606541254,0.097563606541254,0.1177506345177665,0.097563606541254,14.223288799985312,422.1733322143554,host|ip|temporal,True,,standard tabular implementation of disagreement-update Decoupling,local_sklearn_sgd_disagreement_update,True,two SGD classifiers update on post-warmup disagreements using noisy_y_train
cicids2017,CICIDS-2017,2585508ac445a94a3eb2244aa64778678928d201555396b4b9afc1ed6a2f1ab4,C:\Users\g14370\graph-cold\data\cicids2017,postfilter11,11,full_postfilter11_after_min_count_and_dominant_downsample,787999,42,True,graph_consistency,0.6,0.6,0,8c6a3f10d9fc1435,0,0,Decoupling,decoupling,implemented_smoke_passed,0.49899361129008,0.5315373796386454,0.0001077344346186,0.4012682729457043,0.3677250367711705,0.3844966548584374,0.9998350253807108,0.3723689282502034,0.3723689282502034,0.4359612944162436,0.3723689282502034,15.583868000016082,422.1735610961914,host|ip|temporal,True,,standard tabular implementation of disagreement-update Decoupling,local_sklearn_sgd_disagreement_update,True,two SGD classifiers update on post-warmup disagreements using noisy_y_train
cicids2017,CICIDS-2017,2585508ac445a94a3eb2244aa64778678928d201555396b4b9afc1ed6a2f1ab4,C:\Users\g14370\graph-cold\data\cicids2017,postfilter11,11,full_postfilter11_after_min_count_and_dominant_downsample,787999,42,True,clean,0.0,none,1,2db13328481444d2,1,1,Decoupling,decoupling,implemented_smoke_passed,0.6492258199536887,0.2121389159363843,0.0092382277685505,1.0,1.0,1.0,0.9999682741116752,0.0916530641704698,0.0916530641704698,0.0916530641704698,0.0916530641704698,14.334546800004318,422.1744613647461,host|ip|temporal,True,,standard tabular implementation of disagreement-update Decoupling,local_sklearn_sgd_disagreement_update,True,two SGD classifiers update on post-warmup disagreements using noisy_y_train
cicids2017,CICIDS-2017,2585508ac445a94a3eb2244aa64778678928d201555396b4b9afc1ed6a2f1ab4,C:\Users\g14370\graph-cold\data\cicids2017,postfilter11,11,full_postfilter11_after_min_count_and_dominant_downsample,787999,42,True,symmetric,0.1,none,1,2db13328481444d2,1,1,Decoupling,decoupling,implemented_smoke_passed,0.504214308122475,0.3181650979119333,0.002118777214167,0.2414033428581685,0.313648774270934,0.2775260585645513,0.9794733502538072,0.2523163900957965,0.2523163900957965,0.2318950930626057,0.2523163900957965,14.818108399980702,422.1733169555664,host|ip|temporal,True,,standard tabular implementation of disagreement-update Decoupling,local_sklearn_sgd_disagreement_update,True,two SGD classifiers update on post-warmup disagreements using noisy_y_train
cicids2017,CICIDS-2017,2585508ac445a94a3eb2244aa64778678928d201555396b4b9afc1ed6a2f1ab4,C:\Users\g14370\graph-cold\data\cicids2017,postfilter11,11,full_postfilter11_after_min_count_and_dominant_downsample,787999,42,True,symmetric,0.2,none,1,2db13328481444d2,1,1,Decoupling,decoupling,implemented_smoke_passed,0.6504501343988947,0.1711781888997079,0.0675584683754545,0.1094166470280769,0.1693890013114238,0.1394028241697503,0.9983756345177665,0.0764150958361291,0.0764150958361291,0.083240139275545,0.0764150958361291,13.974674700002652,422.1733169555664,host|ip|temporal,True,,standard tabular implementation of disagreement-update Decoupling,local_sklearn_sgd_disagreement_update,True,two SGD classifiers update on post-warmup disagreements using noisy_y_train
cicids2017,CICIDS-2017,2585508ac445a94a3eb2244aa64778678928d201555396b4b9afc1ed6a2f1ab4,C:\Users\g14370\graph-cold\data\cicids2017,postfilter11,11,full_postfilter11_after_min_count_and_dominant_downsample,787999,42,True,symmetric,0.4,none,1,2db13328481444d2,1,1,Decoupling,decoupling,implemented_smoke_passed,0.5444240444158999,0.1911933354971329,0.0171926201912286,0.1083067652543698,0.1762366041127658,0.1422716846835678,0.9963451776649748,0.0633202146577009,0.0633202146577009,0.0797060067681895,0.0633202146577009,13.78542580001522,422.1733169555664,host|ip|temporal,True,,standard tabular implementation of disagreement-update Decoupling,local_sklearn_sgd_disagreement_update,True,two SGD classifiers update on post-warmup disagreements using noisy_y_train
cicids2017,CICIDS-2017,2585508ac445a94a3eb2244aa64778678928d201555396b4b9afc1ed6a2f1ab4,C:\Users\g14370\graph-cold\data\cicids2017,postfilter11,11,full_postfilter11_after_min_count_and_dominant_downsample,787999,42,True,symmetric,0.6,none,1,2db13328481444d2,1,1,Decoupling,decoupling,implemented_smoke_passed,0.5455686908523897,0.2318078545926647,0.0084302195089105,0.1611351986349116,0.2899426216150331,0.2255389101249723,0.9974492385786802,0.0820797621823638,0.0820797621823638,0.1020463197969543,0.0820797621823638,13.930512099992484,422.1733169555664,host|ip|temporal,True,,standard tabular implementation of disagreement-update Decoupling,local_sklearn_sgd_disagreement_update,True,two SGD classifiers update on post-warmup disagreements using noisy_y_train
cicids2017,CICIDS-2017,2585508ac445a94a3eb2244aa64778678928d201555396b4b9afc1ed6a2f1ab4,C:\Users\g14370\graph-cold\data\cicids2017,postfilter11,11,full_postfilter11_after_min_count_and_dominant_downsample,787999,42,True,asymmetric,0.1,none,1,2db13328481444d2,1,1,Decoupling,decoupling,implemented_smoke_passed,0.5868050854768818,0.2377799415774099,0.017264443147641,0.1379989719641544,0.1030572677528186,0.1205281198584865,0.9998984771573604,0.110775873692693,0.110775873692693,0.1676254935138184,0.110775873692693,14.096430799982045,422.1733169555664,host|ip|temporal,True,,standard tabular implementation of disagreement-update Decoupling,local_sklearn_sgd_disagreement_update,True,two SGD classifiers update on post-warmup disagreements using noisy_y_train
cicids2017,CICIDS-2017,2585508ac445a94a3eb2244aa64778678928d201555396b4b9afc1ed6a2f1ab4,C:\Users\g14370\graph-cold\data\cicids2017,postfilter11,11,full_postfilter11_after_min_count_and_dominant_downsample,787999,42,True,asymmetric,0.2,none,1,2db13328481444d2,1,1,Decoupling,decoupling,implemented_smoke_passed,0.5888812083050914,0.2232392080493346,0.0577187233469497,0.0556386309944917,0.1034941898601324,0.0795664104273121,0.99996192893401,0.0655981370528823,0.0655981370528823,0.0448464277500654,0.0655981370528823,13.90351869998267,422.1733169555664,host|ip|temporal,True,,standard tabular implementation of disagreement-update Decoupling,local_sklearn_sgd_disagreement_update,True,two SGD classifiers update on post-warmup disagreements using noisy_y_train
cicids2017,CICIDS-2017,2585508ac445a94a3eb2244aa64778678928d201555396b4b9afc1ed6a2f1ab4,C:\Users\g14370\graph-cold\data\cicids2017,postfilter11,11,full_postfilter11_after_min_count_and_dominant_downsample,787999,42,True,asymmetric,0.4,none,1,2db13328481444d2,1,1,Decoupling,decoupling,implemented_smoke_passed,0.5757957642791859,0.2507194633776912,0.0520806212685729,0.0881417009427998,0.1387586350320538,0.1134501679874268,0.9996827411167512,0.0964167138590004,0.0964167138590004,0.0794195612914127,0.0964167138590004,13.99076029995922,422.1733169555664,host|ip|temporal,True,,standard tabular implementation of disagreement-update Decoupling,local_sklearn_sgd_disagreement_update,True,two SGD classifiers update on post-warmup disagreements using noisy_y_train
cicids2017,CICIDS-2017,2585508ac445a94a3eb2244aa64778678928d201555396b4b9afc1ed6a2f1ab4,C:\Users\g14370\graph-cold\data\cicids2017,postfilter11,11,full_postfilter11_after_min_count_and_dominant_downsample,787999,42,True,asymmetric,0.6,none,1,2db13328481444d2,1,1,Decoupling,decoupling,implemented_smoke_passed,0.571147094128181,0.2990371091636914,0.0836378327422902,0.2692712914120065,0.3223442948202358,0.2958077931161211,0.9946700507614212,0.3565789285833258,0.3565789285833258,0.3023001269035533,0.3565789285833258,15.39862059999723,422.1733169555664,host|ip|temporal,True,,standard tabular implementation of disagreement-update Decoupling,local_sklearn_sgd_disagreement_update,True,two SGD classifiers update on post-warmup disagreements using noisy_y_train
cicids2017,CICIDS-2017,2585508ac445a94a3eb2244aa64778678928d201555396b4b9afc1ed6a2f1ab4,C:\Users\g14370\graph-cold\data\cicids2017,postfilter11,11,full_postfilter11_after_min_count_and_dominant_downsample,787999,42,True,graph_consistency,0.1,0.0,1,2db13328481444d2,1,1,Decoupling,decoupling,implemented_smoke_passed,0.504214308122475,0.3181650979119333,0.002118777214167,0.2414033428581685,0.313648774270934,0.2775260585645513,0.9794733502538072,0.2523163900957965,0.2523163900957965,0.2318950930626057,0.2523163900957965,15.064399200025946,422.1733169555664,host|ip|temporal,True,,standard tabular implementation of disagreement-update Decoupling,local_sklearn_sgd_disagreement_update,True,two SGD classifiers update on post-warmup disagreements using noisy_y_train
cicids2017,CICIDS-2017,2585508ac445a94a3eb2244aa64778678928d201555396b4b9afc1ed6a2f1ab4,C:\Users\g14370\graph-cold\data\cicids2017,postfilter11,11,full_postfilter11_after_min_count_and_dominant_downsample,787999,42,True,graph_consistency,0.1,0.6,1,2db13328481444d2,1,1,Decoupling,decoupling,implemented_smoke_passed,0.5925233912808324,0.3266688304662988,0.0022983346051981,0.2111095616123618,0.16324536372156,0.1871774626669609,0.9951522842639594,0.2243690107376439,0.2243690107376439,0.2479836435420191,0.2243690107376439,15.075689799967222,422.1735534667969,host|ip|temporal,True,,standard tabular implementation of disagreement-update Decoupling,local_sklearn_sgd_disagreement_update,True,two SGD classifiers update on post-warmup disagreements using noisy_y_train
cicids2017,CICIDS-2017,2585508ac445a94a3eb2244aa64778678928d201555396b4b9afc1ed6a2f1ab4,C:\Users\g14370\graph-cold\data\cicids2017,postfilter11,11,full_postfilter11_after_min_count_and_dominant_downsample,787999,42,True,graph_consistency,0.2,0.0,1,2db13328481444d2,1,1,Decoupling,decoupling,implemented_smoke_passed,0.6504501343988947,0.1711781888997079,0.0675584683754545,0.1094166470280769,0.1693890013114238,0.1394028241697503,0.9983756345177665,0.0764150958361291,0.0764150958361291,0.083240139275545,0.0764150958361291,13.911732600012328,422.1733169555664,host|ip|temporal,True,,standard tabular implementation of disagreement-update Decoupling,local_sklearn_sgd_disagreement_update,True,two SGD classifiers update on post-warmup disagreements using noisy_y_train
cicids2017,CICIDS-2017,2585508ac445a94a3eb2244aa64778678928d201555396b4b9afc1ed6a2f1ab4,C:\Users\g14370\graph-cold\data\cicids2017,postfilter11,11,full_postfilter11_after_min_count_and_dominant_downsample,787999,42,True,graph_consistency,0.2,0.6,1,2db13328481444d2,1,1,Decoupling,decoupling,implemented_smoke_passed,0.5445361278678708,0.4104727902196257,0.0001346680432733,0.2312315136793511,0.1900276982317799,0.2106296059555655,0.9837436548223352,0.2352002461932839,0.2352002461932839,0.2671399111675127,0.2352002461932839,14.977725900011135,422.1735534667969,host|ip|temporal,True,,standard tabular implementation of disagreement-update Decoupling,local_sklearn_sgd_disagreement_update,True,two SGD classifiers update on post-warmup disagreements using noisy_y_train
cicids2017,CICIDS-2017,2585508ac445a94a3eb2244aa64778678928d201555396b4b9afc1ed6a2f1ab4,C:\Users\g14370\graph-cold\data\cicids2017,postfilter11,11,full_postfilter11_after_min_count_and_dominant_downsample,787999,42,True,graph_consistency,0.4,0.0,1,2db13328481444d2,1,1,Decoupling,decoupling,implemented_smoke_passed,0.5444240444158999,0.1911933354971329,0.0171926201912286,0.1083067652543698,0.1762366041127658,0.1422716846835678,0.9963451776649748,0.0633202146577009,0.0633202146577009,0.0797060067681895,0.0633202146577009,13.901677399990149,422.1733169555664,host|ip|temporal,True,,standard tabular implementation of disagreement-update Decoupling,local_sklearn_sgd_disagreement_update,True,two SGD classifiers update on post-warmup disagreements using noisy_y_train
cicids2017,CICIDS-2017,2585508ac445a94a3eb2244aa64778678928d201555396b4b9afc1ed6a2f1ab4,C:\Users\g14370\graph-cold\data\cicids2017,postfilter11,11,full_postfilter11_after_min_count_and_dominant_downsample,787999,42,True,graph_consistency,0.4,0.6,1,2db13328481444d2,1,1,Decoupling,decoupling,implemented_smoke_passed,0.5660541946167109,0.3580655631288543,0.0009965435202226,0.2039839935050616,0.252924290883007,0.2284541421940343,0.9866434010152284,0.1621369957756912,0.1621369957756912,0.1879124365482233,0.1621369957756912,14.420550200040452,422.1735534667969,host|ip|temporal,True,,standard tabular implementation of disagreement-update Decoupling,local_sklearn_sgd_disagreement_update,True,two SGD classifiers update on post-warmup disagreements using noisy_y_train
cicids2017,CICIDS-2017,2585508ac445a94a3eb2244aa64778678928d201555396b4b9afc1ed6a2f1ab4,C:\Users\g14370\graph-cold\data\cicids2017,postfilter11,11,full_postfilter11_after_min_count_and_dominant_downsample,787999,42,True,graph_consistency,0.6,0.0,1,2db13328481444d2,1,1,Decoupling,decoupling,implemented_smoke_passed,0.5455686908523897,0.2318078545926647,0.0084302195089105,0.1611351986349116,0.2899426216150331,0.2255389101249723,0.9974492385786802,0.0820797621823638,0.0820797621823638,0.1020463197969543,0.0820797621823638,13.987387500004845,422.1733169555664,host|ip|temporal,True,,standard tabular implementation of disagreement-update Decoupling,local_sklearn_sgd_disagreement_update,True,two SGD classifiers update on post-warmup disagreements using noisy_y_train
cicids2017,CICIDS-2017,2585508ac445a94a3eb2244aa64778678928d201555396b4b9afc1ed6a2f1ab4,C:\Users\g14370\graph-cold\data\cicids2017,postfilter11,11,full_postfilter11_after_min_count_and_dominant_downsample,787999,42,True,graph_consistency,0.6,0.6,1,2db13328481444d2,1,1,Decoupling,decoupling,implemented_smoke_passed,0.4310426890649328,0.6798442064264849,8.977869551555417e-06,0.4002015285655753,0.3821336568613634,0.3911675927134693,0.9950444162436548,0.3847134909795225,0.3847134909795225,0.4303458121827411,0.3847134909795225,15.980059200024698,422.1735534667969,host|ip|temporal,True,,standard tabular implementation of disagreement-update Decoupling,local_sklearn_sgd_disagreement_update,True,two SGD classifiers update on post-warmup disagreements using noisy_y_train
cicids2017,CICIDS-2017,2585508ac445a94a3eb2244aa64778678928d201555396b4b9afc1ed6a2f1ab4,C:\Users\g14370\graph-cold\data\cicids2017,postfilter11,11,full_postfilter11_after_min_count_and_dominant_downsample,787999,42,True,clean,0.0,none,2,3866904ffe7cc9a5,2,2,Decoupling,decoupling,implemented_smoke_passed,0.4621266056108079,0.2782646326950124,0.0227409435740898,1.0,1.0,1.0,0.9926332487309644,0.1191071051825907,0.1191071051825907,0.1191071051825907,0.1191071051825907,14.302585199999156,422.1744613647461,host|ip|temporal,True,,standard tabular implementation of disagreement-update Decoupling,local_sklearn_sgd_disagreement_update,True,two SGD classifiers update on post-warmup disagreements using noisy_y_train
cicids2017,CICIDS-2017,2585508ac445a94a3eb2244aa64778678928d201555396b4b9afc1ed6a2f1ab4,C:\Users\g14370\graph-cold\data\cicids2017,postfilter11,11,full_postfilter11_after_min_count_and_dominant_downsample,787999,42,True,symmetric,0.1,none,2,3866904ffe7cc9a5,2,2,Decoupling,decoupling,implemented_smoke_passed,0.5858164752109916,0.3750297522449421,0.0074606095973425,0.072708690830994,0.1116381042384982,0.0921733975347461,0.9977791878172588,0.0621574590061215,0.0621574590061215,0.0594190637337845,0.0621574590061215,13.877513000043107,422.1733169555664,host|ip|temporal,True,,standard tabular implementation of disagreement-update Decoupling,local_sklearn_sgd_disagreement_update,True,two SGD classifiers update on post-warmup disagreements using noisy_y_train
cicids2017,CICIDS-2017,2585508ac445a94a3eb2244aa64778678928d201555396b4b9afc1ed6a2f1ab4,C:\Users\g14370\graph-cold\data\cicids2017,postfilter11,11,full_postfilter11_after_min_count_and_dominant_downsample,787999,42,True,symmetric,0.2,none,2,3866904ffe7cc9a5,2,2,Decoupling,decoupling,implemented_smoke_passed,0.593427817244311,0.2665584766850589,0.0059792611213359,0.1083682490286144,0.1731465912669416,0.140757420147778,0.9864149746192892,0.0703094389426379,0.0703094389426379,0.0844939720812182,0.0703094389426379,14.175119199964684,422.1733169555664,host|ip|temporal,True,,standard tabular implementation of disagreement-update Decoupling,local_sklearn_sgd_disagreement_update,True,two SGD classifiers update on post-warmup disagreements using noisy_y_train
cicids2017,CICIDS-2017,2585508ac445a94a3eb2244aa64778678928d201555396b4b9afc1ed6a2f1ab4,C:\Users\g14370\graph-cold\data\cicids2017,postfilter11,11,full_postfilter11_after_min_count_and_dominant_downsample,787999,42,True,symmetric,0.4,none,2,3866904ffe7cc9a5,2,2,Decoupling,decoupling,implemented_smoke_passed,0.5588102864870171,0.2043059612679865,0.0084302195089105,0.1045505275596318,0.2210303278917311,0.1627904277256814,0.9976967005076142,0.0605552991042181,0.0605552991042181,0.0617914551607445,0.0605552991042181,14.457709399983289,422.1733169555664,host|ip|temporal,True,,standard tabular implementation of disagreement-update Decoupling,local_sklearn_sgd_disagreement_update,True,two SGD classifiers update on post-warmup disagreements using noisy_y_train
cicids2017,CICIDS-2017,2585508ac445a94a3eb2244aa64778678928d201555396b4b9afc1ed6a2f1ab4,C:\Users\g14370\graph-cold\data\cicids2017,postfilter11,11,full_postfilter11_after_min_count_and_dominant_downsample,787999,42,True,symmetric,0.6,none,2,3866904ffe7cc9a5,2,2,Decoupling,decoupling,implemented_smoke_passed,0.478469802353589,0.1724981066753218,0.0226421870090227,0.2025136342829887,0.3391444361921968,0.2708290352375928,0.9539784263959392,0.1092244752926321,0.1092244752926321,0.1441782994923857,0.1092244752926321,14.246935300005134,422.1733169555664,host|ip|temporal,True,,standard tabular implementation of disagreement-update Decoupling,local_sklearn_sgd_disagreement_update,True,two SGD classifiers update on post-warmup disagreements using noisy_y_train
cicids2017,CICIDS-2017,2585508ac445a94a3eb2244aa64778678928d201555396b4b9afc1ed6a2f1ab4,C:\Users\g14370\graph-cold\data\cicids2017,postfilter11,11,full_postfilter11_after_min_count_and_dominant_downsample,787999,42,True,asymmetric,0.1,none,2,3866904ffe7cc9a5,2,2,Decoupling,decoupling,implemented_smoke_passed,0.4382402239016116,0.1928161852212485,0.0435965345423531,0.1177571176565109,0.0692662881237596,0.0935117028901352,0.9940482233502538,0.1195925120439594,0.1195925120439594,0.1505146644106035,0.1195925120439594,14.14358400000492,422.1733169555664,host|ip|temporal,True,,standard tabular implementation of disagreement-update Decoupling,local_sklearn_sgd_disagreement_update,True,two SGD classifiers update on post-warmup disagreements using noisy_y_train
cicids2017,CICIDS-2017,2585508ac445a94a3eb2244aa64778678928d201555396b4b9afc1ed6a2f1ab4,C:\Users\g14370\graph-cold\data\cicids2017,postfilter11,11,full_postfilter11_after_min_count_and_dominant_downsample,787999,42,True,asymmetric,0.2,none,2,3866904ffe7cc9a5,2,2,Decoupling,decoupling,implemented_smoke_passed,0.5477499892981973,0.2380612355295899,0.039376935853122,0.16183811581246,0.1759508572447968,0.1688944865286284,0.9995304568527918,0.1474367821014944,0.1474367821014944,0.1830277779953168,0.1474367821014944,14.584484999999404,422.1733169555664,host|ip|temporal,True,,standard tabular implementation of disagreement-update Decoupling,local_sklearn_sgd_disagreement_update,True,two SGD classifiers update on post-warmup disagreements using noisy_y_train
cicids2017,CICIDS-2017,2585508ac445a94a3eb2244aa64778678928d201555396b4b9afc1ed6a2f1ab4,C:\Users\g14370\graph-cold\data\cicids2017,postfilter11,11,full_postfilter11_after_min_count_and_dominant_downsample,787999,42,True,asymmetric,0.4,none,2,3866904ffe7cc9a5,2,2,Decoupling,decoupling,implemented_smoke_passed,0.5731048376678599,0.2445742724223737,0.084813933653544,0.2306293130280167,0.1974706520500279,0.2140499825390223,0.9998794416243656,0.230768132563662,0.230768132563662,0.29665820642978,0.230768132563662,15.046049800002947,422.1733169555664,host|ip|temporal,True,,standard tabular implementation of disagreement-update Decoupling,local_sklearn_sgd_disagreement_update,True,two SGD classifiers update on post-warmup disagreements using noisy_y_train
cicids2017,CICIDS-2017,2585508ac445a94a3eb2244aa64778678928d201555396b4b9afc1ed6a2f1ab4,C:\Users\g14370\graph-cold\data\cicids2017,postfilter11,11,full_postfilter11_after_min_count_and_dominant_downsample,787999,42,True,asymmetric,0.6,none,2,3866904ffe7cc9a5,2,2,Decoupling,decoupling,implemented_smoke_passed,0.4314047859610721,0.1831223628691983,0.3581451721506486,0.4612030191316185,0.3490749743090803,0.4051389967203493,1.0,0.3821436899487467,0.3821436899487467,0.4806472081218274,0.3821436899487467,15.77227119996678,422.1733169555664,host|ip|temporal,True,,standard tabular implementation of disagreement-update Decoupling,local_sklearn_sgd_disagreement_update,True,two SGD classifiers update on post-warmup disagreements using noisy_y_train
cicids2017,CICIDS-2017,2585508ac445a94a3eb2244aa64778678928d201555396b4b9afc1ed6a2f1ab4,C:\Users\g14370\graph-cold\data\cicids2017,postfilter11,11,full_postfilter11_after_min_count_and_dominant_downsample,787999,42,True,graph_consistency,0.1,0.0,2,3866904ffe7cc9a5,2,2,Decoupling,decoupling,implemented_smoke_passed,0.5858164752109916,0.3750297522449421,0.0074606095973425,0.072708690830994,0.1116381042384982,0.0921733975347461,0.9977791878172588,0.0621574590061215,0.0621574590061215,0.0594190637337845,0.0621574590061215,13.927161700034048,422.1733169555664,host|ip|temporal,True,,standard tabular implementation of disagreement-update Decoupling,local_sklearn_sgd_disagreement_update,True,two SGD classifiers update on post-warmup disagreements using noisy_y_train
cicids2017,CICIDS-2017,2585508ac445a94a3eb2244aa64778678928d201555396b4b9afc1ed6a2f1ab4,C:\Users\g14370\graph-cold\data\cicids2017,postfilter11,11,full_postfilter11_after_min_count_and_dominant_downsample,787999,42,True,graph_consistency,0.1,0.6,2,3866904ffe7cc9a5,2,2,Decoupling,decoupling,implemented_smoke_passed,0.6718557033194478,0.3003570269393054,0.0014095255195942,0.3656593643166211,0.4525127315972549,0.409086047956938,0.9830393401015228,0.3591011407061242,0.3591011407061242,0.384024252679075,0.3591011407061242,15.540398000041025,422.1735534667969,host|ip|temporal,True,,standard tabular implementation of disagreement-update Decoupling,local_sklearn_sgd_disagreement_update,True,two SGD classifiers update on post-warmup disagreements using noisy_y_train
cicids2017,CICIDS-2017,2585508ac445a94a3eb2244aa64778678928d201555396b4b9afc1ed6a2f1ab4,C:\Users\g14370\graph-cold\data\cicids2017,postfilter11,11,full_postfilter11_after_min_count_and_dominant_downsample,787999,42,True,graph_consistency,0.2,0.0,2,3866904ffe7cc9a5,2,2,Decoupling,decoupling,implemented_smoke_passed,0.593427817244311,0.2665584766850589,0.0059792611213359,0.1083682490286144,0.1731465912669416,0.140757420147778,0.9864149746192892,0.0703094389426379,0.0703094389426379,0.0844939720812182,0.0703094389426379,14.150003300048413,422.1733169555664,host|ip|temporal,True,,standard tabular implementation of disagreement-update Decoupling,local_sklearn_sgd_disagreement_update,True,two SGD classifiers update on post-warmup disagreements using noisy_y_train
cicids2017,CICIDS-2017,2585508ac445a94a3eb2244aa64778678928d201555396b4b9afc1ed6a2f1ab4,C:\Users\g14370\graph-cold\data\cicids2017,postfilter11,11,full_postfilter11_after_min_count_and_dominant_downsample,787999,42,True,graph_consistency,0.2,0.6,2,3866904ffe7cc9a5,2,2,Decoupling,decoupling,implemented_smoke_passed,0.610567684381778,0.2914854484474737,0.0085020424653229,0.1882460545962635,0.1848960056374157,0.1865710301168396,0.9991116751269036,0.179196032988631,0.179196032988631,0.2026570431472081,0.179196032988631,14.460135599947536,422.1735534667969,host|ip|temporal,True,,standard tabular implementation of disagreement-update Decoupling,local_sklearn_sgd_disagreement_update,True,two SGD classifiers update on post-warmup disagreements using noisy_y_train
cicids2017,CICIDS-2017,2585508ac445a94a3eb2244aa64778678928d201555396b4b9afc1ed6a2f1ab4,C:\Users\g14370\graph-cold\data\cicids2017,postfilter11,11,full_postfilter11_after_min_count_and_dominant_downsample,787999,42,True,graph_consistency,0.4,0.0,2,3866904ffe7cc9a5,2,2,Decoupling,decoupling,implemented_smoke_passed,0.5588102864870171,0.2043059612679865,0.0084302195089105,0.1045505275596318,0.2210303278917311,0.1627904277256814,0.9976967005076142,0.0605552991042181,0.0605552991042181,0.0617914551607445,0.0605552991042181,13.878600700001698,422.1733169555664,host|ip|temporal,True,,standard tabular implementation of disagreement-update Decoupling,local_sklearn_sgd_disagreement_update,True,two SGD classifiers update on post-warmup disagreements using noisy_y_train
cicids2017,CICIDS-2017,2585508ac445a94a3eb2244aa64778678928d201555396b4b9afc1ed6a2f1ab4,C:\Users\g14370\graph-cold\data\cicids2017,postfilter11,11,full_postfilter11_after_min_count_and_dominant_downsample,787999,42,True,graph_consistency,0.4,0.6,2,3866904ffe7cc9a5,2,2,Decoupling,decoupling,implemented_smoke_passed,0.5040889553951723,0.3855025424645678,0.0008349418682946,0.2010361574764272,0.243645635943309,0.2223408967098681,0.8835279187817259,0.1580697304405622,0.1580697304405622,0.1817893401015228,0.1580697304405622,14.310415000014473,422.1735534667969,host|ip|temporal,True,,standard tabular implementation of disagreement-update Decoupling,local_sklearn_sgd_disagreement_update,True,two SGD classifiers update on post-warmup disagreements using noisy_y_train
cicids2017,CICIDS-2017,2585508ac445a94a3eb2244aa64778678928d201555396b4b9afc1ed6a2f1ab4,C:\Users\g14370\graph-cold\data\cicids2017,postfilter11,11,full_postfilter11_after_min_count_and_dominant_downsample,787999,42,True,graph_consistency,0.6,0.0,2,3866904ffe7cc9a5,2,2,Decoupling,decoupling,implemented_smoke_passed,0.478469802353589,0.1724981066753218,0.0226421870090227,0.2025136342829887,0.3391444361921968,0.2708290352375928,0.9539784263959392,0.1092244752926321,0.1092244752926321,0.1441782994923857,0.1092244752926321,14.106724400015082,422.1733169555664,host|ip|temporal,True,,standard tabular implementation of disagreement-update Decoupling,local_sklearn_sgd_disagreement_update,True,two SGD classifiers update on post-warmup disagreements using noisy_y_train
cicids2017,CICIDS-2017,2585508ac445a94a3eb2244aa64778678928d201555396b4b9afc1ed6a2f1ab4,C:\Users\g14370\graph-cold\data\cicids2017,postfilter11,11,full_postfilter11_after_min_count_and_dominant_downsample,787999,42,True,graph_consistency,0.6,0.6,2,3866904ffe7cc9a5,2,2,Decoupling,decoupling,implemented_smoke_passed,0.4049297586540363,0.810645894190198,4.488934775777708e-05,0.4191879889028972,0.3711491573165121,0.3951685731097046,0.9991941624365482,0.4048705661017863,0.4048705661017863,0.4650539340101522,0.4048705661017863,15.7164079999784,422.1735534667969,host|ip|temporal,True,,standard tabular implementation of disagreement-update Decoupling,local_sklearn_sgd_disagreement_update,True,two SGD classifiers update on post-warmup disagreements using noisy_y_train
cesnet_tls_year22,CESNET-TLS-Year22,490bb4402e111c4ef752272e17d8faee44ce9ef25a0063c7c84ff4d3cb7f9084,E:\graphcold-data\tls_alternative\cesnet_tls_year22,postfilter,25,deterministic_audit_window_100000_then_postfilter25_stratified_split,61124,42,True,clean,0.0,none,0,8dde8f9aa7025983,0,0,Decoupling,decoupling,implemented_smoke_passed,0.790587478589166,0.1021021021021021,0.00016818028927,1.0,1.0,1.0,0.9770143149284254,0.068017750874251,0.068017750874251,0.068017750874251,0.068017750874251,2.318435799970757,19.019978523254395,ip|temporal,True,MALTLS-22,standard tabular implementation of disagreement-update Decoupling,local_sklearn_sgd_disagreement_update,True,two SGD classifiers update on post-warmup disagreements using noisy_y_train
cesnet_tls_year22,CESNET-TLS-Year22,490bb4402e111c4ef752272e17d8faee44ce9ef25a0063c7c84ff4d3cb7f9084,E:\graphcold-data\tls_alternative\cesnet_tls_year22,postfilter,25,deterministic_audit_window_100000_then_postfilter25_stratified_split,61124,42,True,symmetric,0.1,none,0,8dde8f9aa7025983,0,0,Decoupling,decoupling,implemented_smoke_passed,0.8332317355578707,0.1981981981981982,0.00016818028927,0.1316500895803822,0.1498493753387029,0.1407497324595426,0.994437627811861,0.0744800507167835,0.0744800507167835,0.1185171432107934,0.0744800507167835,1.742150700010825,19.018834114074707,ip|temporal,True,MALTLS-22,standard tabular implementation of disagreement-update Decoupling,local_sklearn_sgd_disagreement_update,True,two SGD classifiers update on post-warmup disagreements using noisy_y_train
cesnet_tls_year22,CESNET-TLS-Year22,490bb4402e111c4ef752272e17d8faee44ce9ef25a0063c7c84ff4d3cb7f9084,E:\graphcold-data\tls_alternative\cesnet_tls_year22,postfilter,25,deterministic_audit_window_100000_then_postfilter25_stratified_split,61124,42,True,symmetric,0.2,none,0,8dde8f9aa7025983,0,0,Decoupling,decoupling,implemented_smoke_passed,0.7760858312872965,0.1051051051051051,0.00016818028927,0.2295034585945126,0.24102433075059,0.2352638946725513,0.9951738241308792,0.1680811468537189,0.1680811468537189,0.2195328487756686,0.1680811468537189,1.9130839999997988,19.018834114074707,ip|temporal,True,MALTLS-22,standard tabular implementation of disagreement-update Decoupling,local_sklearn_sgd_disagreement_update,True,two SGD classifiers update on post-warmup disagreements using noisy_y_train
cesnet_tls_year22,CESNET-TLS-Year22,490bb4402e111c4ef752272e17d8faee44ce9ef25a0063c7c84ff4d3cb7f9084,E:\graphcold-data\tls_alternative\cesnet_tls_year22,postfilter,25,deterministic_audit_window_100000_then_postfilter25_stratified_split,61124,42,True,symmetric,0.4,none,0,8dde8f9aa7025983,0,0,Decoupling,decoupling,implemented_smoke_passed,0.656021736615287,0.2642642642642642,0.0010090817356205,0.3653385151978006,0.351472476096638,0.3584054956472193,0.9959918200408998,0.2993926256160658,0.2993926256160658,0.3320348729363754,0.2993926256160658,2.4989790999679826,19.018834114074707,ip|temporal,True,MALTLS-22,standard tabular implementation of disagreement-update Decoupling,local_sklearn_sgd_disagreement_update,True,two SGD classifiers update on post-warmup disagreements using noisy_y_train
cesnet_tls_year22,CESNET-TLS-Year22,490bb4402e111c4ef752272e17d8faee44ce9ef25a0063c7c84ff4d3cb7f9084,E:\graphcold-data\tls_alternative\cesnet_tls_year22,postfilter,25,deterministic_audit_window_100000_then_postfilter25_stratified_split,61124,42,True,symmetric,0.6,none,0,8dde8f9aa7025983,0,0,Decoupling,decoupling,implemented_smoke_passed,0.6904217426806776,0.1531531531531531,0.0002522704339051,0.5806311303731746,0.6145728907369239,0.5976020105550492,1.0,0.2921532137671527,0.2921532137671527,0.5764459930313589,0.2921532137671527,1.9053815000224856,19.018834114074707,ip|temporal,True,MALTLS-22,standard tabular implementation of disagreement-update Decoupling,local_sklearn_sgd_disagreement_update,True,two SGD classifiers update on post-warmup disagreements using noisy_y_train
cesnet_tls_year22,CESNET-TLS-Year22,490bb4402e111c4ef752272e17d8faee44ce9ef25a0063c7c84ff4d3cb7f9084,E:\graphcold-data\tls_alternative\cesnet_tls_year22,postfilter,25,deterministic_audit_window_100000_then_postfilter25_stratified_split,61124,42,True,asymmetric,0.1,none,0,8dde8f9aa7025983,0,0,Decoupling,decoupling,implemented_smoke_passed,0.8087069480507241,0.0960960960960961,0.0016818028927009,0.2010021223397919,0.2327711203257071,0.2168866213327495,1.0,0.112026830814536,0.112026830814536,0.1988379998763829,0.112026830814536,1.775219900009688,19.018834114074707,ip|temporal,True,MALTLS-22,standard tabular implementation of disagreement-update Decoupling,local_sklearn_sgd_disagreement_update,True,two SGD classifiers update on post-warmup disagreements using noisy_y_train
cesnet_tls_year22,CESNET-TLS-Year22,490bb4402e111c4ef752272e17d8faee44ce9ef25a0063c7c84ff4d3cb7f9084,E:\graphcold-data\tls_alternative\cesnet_tls_year22,postfilter,25,deterministic_audit_window_100000_then_postfilter25_stratified_split,61124,42,True,asymmetric,0.2,none,0,8dde8f9aa7025983,0,0,Decoupling,decoupling,implemented_smoke_passed,0.7802932558457626,0.5195195195195195,0.0023545240497813,0.1464601525742064,0.1614090311756755,0.1539345918749409,1.0,0.0878136567209963,0.0878136567209963,0.1420488987674277,0.0878136567209963,2.35360380000202,19.018790245056152,ip|temporal,True,MALTLS-22,standard tabular implementation of disagreement-update Decoupling,local_sklearn_sgd_disagreement_update,True,two SGD classifiers update on post-warmup disagreements using noisy_y_train
cesnet_tls_year22,CESNET-TLS-Year22,490bb4402e111c4ef752272e17d8faee44ce9ef25a0063c7c84ff4d3cb7f9084,E:\graphcold-data\tls_alternative\cesnet_tls_year22,postfilter,25,deterministic_audit_window_100000_then_postfilter25_stratified_split,61124,42,True,asymmetric,0.4,none,0,8dde8f9aa7025983,0,0,Decoupling,decoupling,implemented_smoke_passed,0.8100381998236276,0.078078078078078,0.0071476622939791,0.1316822519649822,0.129632269237104,0.1306572606010431,1.0,0.0702263849976482,0.0702263849976482,0.1362860479741263,0.0702263849976482,1.8873558000195767,19.018834114074707,ip|temporal,True,MALTLS-22,standard tabular implementation of disagreement-update Decoupling,local_sklearn_sgd_disagreement_update,True,two SGD classifiers update on post-warmup disagreements using noisy_y_train
cesnet_tls_year22,CESNET-TLS-Year22,490bb4402e111c4ef752272e17d8faee44ce9ef25a0063c7c84ff4d3cb7f9084,E:\graphcold-data\tls_alternative\cesnet_tls_year22,postfilter,25,deterministic_audit_window_100000_then_postfilter25_stratified_split,61124,42,True,asymmetric,0.6,none,0,8dde8f9aa7025983,0,0,Decoupling,decoupling,implemented_smoke_passed,0.7986542414982025,0.5555555555555556,0.0170702993609149,0.213701740731865,0.1964386508518708,0.2050701957918679,1.0,0.144829137610176,0.144829137610176,0.2065657930289111,0.144829137610176,1.9182861999724992,19.018790245056152,ip|temporal,True,MALTLS-22,standard tabular implementation of disagreement-update Decoupling,local_sklearn_sgd_disagreement_update,True,two SGD classifiers update on post-warmup disagreements using noisy_y_train
cesnet_tls_year22,CESNET-TLS-Year22,490bb4402e111c4ef752272e17d8faee44ce9ef25a0063c7c84ff4d3cb7f9084,E:\graphcold-data\tls_alternative\cesnet_tls_year22,postfilter,25,deterministic_audit_window_100000_then_postfilter25_stratified_split,61124,42,True,graph_consistency,0.1,0.0,0,8dde8f9aa7025983,0,0,Decoupling,decoupling,implemented_smoke_passed,0.8332317355578707,0.1981981981981982,0.00016818028927,0.1316500895803822,0.1498493753387029,0.1407497324595426,0.994437627811861,0.0744800507167835,0.0744800507167835,0.1185171432107934,0.0744800507167835,2.344647299963981,19.0187463760376,ip|temporal,True,MALTLS-22,standard tabular implementation of disagreement-update Decoupling,local_sklearn_sgd_disagreement_update,True,two SGD classifiers update on post-warmup disagreements using noisy_y_train
cesnet_tls_year22,CESNET-TLS-Year22,490bb4402e111c4ef752272e17d8faee44ce9ef25a0063c7c84ff4d3cb7f9084,E:\graphcold-data\tls_alternative\cesnet_tls_year22,postfilter,25,deterministic_audit_window_100000_then_postfilter25_stratified_split,61124,42,True,graph_consistency,0.1,0.6,0,8dde8f9aa7025983,0,0,Decoupling,decoupling,implemented_smoke_passed,0.7946216591452895,0.087087087087087,0.0014295324587958,0.1507883893694288,0.1671723606222765,0.1589803749958526,0.9826584867075664,0.0867297899752551,0.0867297899752551,0.1568787726358149,0.0867297899752551,1.8503522999817503,19.01906681060791,ip|temporal,True,MALTLS-22,standard tabular implementation of disagreement-update Decoupling,local_sklearn_sgd_disagreement_update,True,two SGD classifiers update on post-warmup disagreements using noisy_y_train
cesnet_tls_year22,CESNET-TLS-Year22,490bb4402e111c4ef752272e17d8faee44ce9ef25a0063c7c84ff4d3cb7f9084,E:\graphcold-data\tls_alternative\cesnet_tls_year22,postfilter,25,deterministic_audit_window_100000_then_postfilter25_stratified_split,61124,42,True,graph_consistency,0.2,0.0,0,8dde8f9aa7025983,0,0,Decoupling,decoupling,implemented_smoke_passed,0.7760858312872965,0.1051051051051051,0.00016818028927,0.2295034585945126,0.24102433075059,0.2352638946725513,0.9951738241308792,0.1680811468537189,0.1680811468537189,0.2195328487756686,0.1680811468537189,1.876254500006325,19.018790245056152,ip|temporal,True,MALTLS-22,standard tabular implementation of disagreement-update Decoupling,local_sklearn_sgd_disagreement_update,True,two SGD classifiers update on post-warmup disagreements using noisy_y_train
cesnet_tls_year22,CESNET-TLS-Year22,490bb4402e111c4ef752272e17d8faee44ce9ef25a0063c7c84ff4d3cb7f9084,E:\graphcold-data\tls_alternative\cesnet_tls_year22,postfilter,25,deterministic_audit_window_100000_then_postfilter25_stratified_split,61124,42,True,graph_consistency,0.2,0.6,0,8dde8f9aa7025983,0,0,Decoupling,decoupling,implemented_smoke_passed,0.7551267520591637,0.2012012012012012,0.0002522704339051,0.2745930825317063,0.2859975984944184,0.2802953405130624,0.9876482617586912,0.1633980244994785,0.1633980244994785,0.2880911922967997,0.1633980244994785,2.437487299961504,19.018834114074707,ip|temporal,True,MALTLS-22,standard tabular implementation of disagreement-update Decoupling,local_sklearn_sgd_disagreement_update,True,two SGD classifiers update on post-warmup disagreements using noisy_y_train
cesnet_tls_year22,CESNET-TLS-Year22,490bb4402e111c4ef752272e17d8faee44ce9ef25a0063c7c84ff4d3cb7f9084,E:\graphcold-data\tls_alternative\cesnet_tls_year22,postfilter,25,deterministic_audit_window_100000_then_postfilter25_stratified_split,61124,42,True,graph_consistency,0.4,0.0,0,8dde8f9aa7025983,0,0,Decoupling,decoupling,implemented_smoke_passed,0.656021736615287,0.2642642642642642,0.0010090817356205,0.3653385151978006,0.351472476096638,0.3584054956472193,0.9959918200408998,0.2993926256160658,0.2993926256160658,0.3320348729363754,0.2993926256160658,1.9444409999996424,19.018834114074707,ip|temporal,True,MALTLS-22,standard tabular implementation of disagreement-update Decoupling,local_sklearn_sgd_disagreement_update,True,two SGD classifiers update on post-warmup disagreements using noisy_y_train
cesnet_tls_year22,CESNET-TLS-Year22,490bb4402e111c4ef752272e17d8faee44ce9ef25a0063c7c84ff4d3cb7f9084,E:\graphcold-data\tls_alternative\cesnet_tls_year22,postfilter,25,deterministic_audit_window_100000_then_postfilter25_stratified_split,61124,42,True,graph_consistency,0.4,0.6,0,8dde8f9aa7025983,0,0,Decoupling,decoupling,implemented_smoke_passed,0.6489670061443894,0.8858858858858859,0.0,0.4049356263658336,0.4294867586730742,0.4172111925194539,0.9990184049079754,0.2557721016789709,0.2557721016789709,0.3884959046909903,0.2557721016789709,1.8901181999826804,19.019070625305176,ip|temporal,True,MALTLS-22,standard tabular implementation of disagreement-update Decoupling,local_sklearn_sgd_disagreement_update,True,two SGD classifiers update on post-warmup disagreements using noisy_y_train
cesnet_tls_year22,CESNET-TLS-Year22,490bb4402e111c4ef752272e17d8faee44ce9ef25a0063c7c84ff4d3cb7f9084,E:\graphcold-data\tls_alternative\cesnet_tls_year22,postfilter,25,deterministic_audit_window_100000_then_postfilter25_stratified_split,61124,42,True,graph_consistency,0.6,0.0,0,8dde8f9aa7025983,0,0,Decoupling,decoupling,implemented_smoke_passed,0.6904217426806776,0.1531531531531531,0.0002522704339051,0.5806311303731746,0.6145728907369239,0.5976020105550492,1.0,0.2921532137671527,0.2921532137671527,0.5764459930313589,0.2921532137671527,2.4788081000442617,19.018834114074707,ip|temporal,True,MALTLS-22,standard tabular implementation of disagreement-update Decoupling,local_sklearn_sgd_disagreement_update,True,two SGD classifiers update on post-warmup disagreements using noisy_y_train
cesnet_tls_year22,CESNET-TLS-Year22,490bb4402e111c4ef752272e17d8faee44ce9ef25a0063c7c84ff4d3cb7f9084,E:\graphcold-data\tls_alternative\cesnet_tls_year22,postfilter,25,deterministic_audit_window_100000_then_postfilter25_stratified_split,61124,42,True,graph_consistency,0.6,0.6,0,8dde8f9aa7025983,0,0,Decoupling,decoupling,implemented_smoke_passed,0.7641053454660443,0.5465465465465466,0.0002522704339051,0.500831454885513,0.4957678745578264,0.4982996647216696,0.9886298568507156,0.3191067301989815,0.3191067301989815,0.466092116417067,0.3191067301989815,1.9737308999756351,19.019070625305176,ip|temporal,True,MALTLS-22,standard tabular implementation of disagreement-update Decoupling,local_sklearn_sgd_disagreement_update,True,two SGD classifiers update on post-warmup disagreements using noisy_y_train
cesnet_tls_year22,CESNET-TLS-Year22,490bb4402e111c4ef752272e17d8faee44ce9ef25a0063c7c84ff4d3cb7f9084,E:\graphcold-data\tls_alternative\cesnet_tls_year22,postfilter,25,deterministic_audit_window_100000_then_postfilter25_stratified_split,61124,42,True,clean,0.0,none,1,6fde7f9c9f8d0227,1,1,Decoupling,decoupling,implemented_smoke_passed,0.8428248682547285,0.1561561561561561,0.0005045408678102,1.0,1.0,1.0,0.9983640081799592,0.0622098611423546,0.0622098611423546,0.0622098611423546,0.0622098611423546,2.287167899950873,19.019978523254395,ip|temporal,True,MALTLS-22,standard tabular implementation of disagreement-update Decoupling,local_sklearn_sgd_disagreement_update,True,two SGD classifiers update on post-warmup disagreements using noisy_y_train
cesnet_tls_year22,CESNET-TLS-Year22,490bb4402e111c4ef752272e17d8faee44ce9ef25a0063c7c84ff4d3cb7f9084,E:\graphcold-data\tls_alternative\cesnet_tls_year22,postfilter,25,deterministic_audit_window_100000_then_postfilter25_stratified_split,61124,42,True,symmetric,0.1,none,1,6fde7f9c9f8d0227,1,1,Decoupling,decoupling,implemented_smoke_passed,0.7736032570208531,0.1021021021021021,0.00016818028927,0.1359254227272589,0.1313052580844379,0.1336153404058484,0.999754601226994,0.127834925049592,0.127834925049592,0.140455637048095,0.127834925049592,1.800622700015083,19.018834114074707,ip|temporal,True,MALTLS-22,standard tabular implementation of disagreement-update Decoupling,local_sklearn_sgd_disagreement_update,True,two SGD classifiers update on post-warmup disagreements using noisy_y_train
cesnet_tls_year22,CESNET-TLS-Year22,490bb4402e111c4ef752272e17d8faee44ce9ef25a0063c7c84ff4d3cb7f9084,E:\graphcold-data\tls_alternative\cesnet_tls_year22,postfilter,25,deterministic_audit_window_100000_then_postfilter25_stratified_split,61124,42,True,symmetric,0.2,none,1,6fde7f9c9f8d0227,1,1,Decoupling,decoupling,implemented_smoke_passed,0.80368813937436,0.075075075075075,0.0015136226034308,0.2330064217854045,0.2378948787481251,0.2354506502667648,0.996073619631902,0.1097568457432667,0.1097568457432667,0.2232149395825705,0.1097568457432667,1.767653499962762,19.018834114074707,ip|temporal,True,MALTLS-22,standard tabular implementation of disagreement-update Decoupling,local_sklearn_sgd_disagreement_update,True,two SGD classifiers update on post-warmup disagreements using noisy_y_train
cesnet_tls_year22,CESNET-TLS-Year22,490bb4402e111c4ef752272e17d8faee44ce9ef25a0063c7c84ff4d3cb7f9084,E:\graphcold-data\tls_alternative\cesnet_tls_year22,postfilter,25,deterministic_audit_window_100000_then_postfilter25_stratified_split,61124,42,True,symmetric,0.4,none,1,6fde7f9c9f8d0227,1,1,Decoupling,decoupling,implemented_smoke_passed,0.7183741390079024,0.6696696696696697,8.409014463504877e-05,0.3906367630772309,0.4452236306841435,0.4179301968806872,0.9932924335378324,0.3073068978915724,0.3073068978915724,0.3727222528989508,0.3073068978915724,2.4204229000024498,19.018834114074707,ip|temporal,True,MALTLS-22,standard tabular implementation of disagreement-update Decoupling,local_sklearn_sgd_disagreement_update,True,two SGD classifiers update on post-warmup disagreements using noisy_y_train
cesnet_tls_year22,CESNET-TLS-Year22,490bb4402e111c4ef752272e17d8faee44ce9ef25a0063c7c84ff4d3cb7f9084,E:\graphcold-data\tls_alternative\cesnet_tls_year22,postfilter,25,deterministic_audit_window_100000_then_postfilter25_stratified_split,61124,42,True,symmetric,0.6,none,1,6fde7f9c9f8d0227,1,1,Decoupling,decoupling,implemented_smoke_passed,0.598456059793021,0.015015015015015,0.0127817019845274,0.4866077670557475,0.4982743885224039,0.4924410777890757,1.0,0.3364894987627559,0.3364894987627559,0.4634039444850256,0.3364894987627559,1.8541836999938823,19.018834114074707,ip|temporal,True,MALTLS-22,standard tabular implementation of disagreement-update Decoupling,local_sklearn_sgd_disagreement_update,True,two SGD classifiers update on post-warmup disagreements using noisy_y_train
cesnet_tls_year22,CESNET-TLS-Year22,490bb4402e111c4ef752272e17d8faee44ce9ef25a0063c7c84ff4d3cb7f9084,E:\graphcold-data\tls_alternative\cesnet_tls_year22,postfilter,25,deterministic_audit_window_100000_then_postfilter25_stratified_split,61124,42,True,asymmetric,0.1,none,1,6fde7f9c9f8d0227,1,1,Decoupling,decoupling,implemented_smoke_passed,0.7855051266921913,0.084084084084084,0.0063067608476286,0.1324655864680114,0.1253564577274195,0.1289110220977155,1.0,0.0729258267040225,0.0729258267040225,0.1302553520763477,0.0729258267040225,1.7149467000272125,19.018790245056152,ip|temporal,True,MALTLS-22,standard tabular implementation of disagreement-update Decoupling,local_sklearn_sgd_disagreement_update,True,two SGD classifiers update on post-warmup disagreements using noisy_y_train
cesnet_tls_year22,CESNET-TLS-Year22,490bb4402e111c4ef752272e17d8faee44ce9ef25a0063c7c84ff4d3cb7f9084,E:\graphcold-data\tls_alternative\cesnet_tls_year22,postfilter,25,deterministic_audit_window_100000_then_postfilter25_stratified_split,61124,42,True,asymmetric,0.2,none,1,6fde7f9c9f8d0227,1,1,Decoupling,decoupling,implemented_smoke_passed,0.7843041051023926,0.5735735735735735,0.0028590649175916,0.1302266816786209,0.13573037263634,0.1329785271574805,1.0,0.0784474120125156,0.0784474120125156,0.1264089620358204,0.0784474120125156,2.291856200026814,19.018834114074707,ip|temporal,True,MALTLS-22,standard tabular implementation of disagreement-update Decoupling,local_sklearn_sgd_disagreement_update,True,two SGD classifiers update on post-warmup disagreements using noisy_y_train
cesnet_tls_year22,CESNET-TLS-Year22,490bb4402e111c4ef752272e17d8faee44ce9ef25a0063c7c84ff4d3cb7f9084,E:\graphcold-data\tls_alternative\cesnet_tls_year22,postfilter,25,deterministic_audit_window_100000_then_postfilter25_stratified_split,61124,42,True,asymmetric,0.4,none,1,6fde7f9c9f8d0227,1,1,Decoupling,decoupling,implemented_smoke_passed,0.8019196033799552,0.024024024024024,0.0141271442986881,0.1592419431799006,0.1495534938096439,0.1543977184947723,1.0,0.0898791386326918,0.0898791386326918,0.1531647905517623,0.0898791386326918,1.936478600022383,19.018834114074707,ip|temporal,True,MALTLS-22,standard tabular implementation of disagreement-update Decoupling,local_sklearn_sgd_disagreement_update,True,two SGD classifiers update on post-warmup disagreements using noisy_y_train
cesnet_tls_year22,CESNET-TLS-Year22,490bb4402e111c4ef752272e17d8faee44ce9ef25a0063c7c84ff4d3cb7f9084,E:\graphcold-data\tls_alternative\cesnet_tls_year22,postfilter,25,deterministic_audit_window_100000_then_postfilter25_stratified_split,61124,42,True,asymmetric,0.6,none,1,6fde7f9c9f8d0227,1,1,Decoupling,decoupling,implemented_smoke_passed,0.6464372797662165,0.006006006006006,0.241422805247225,0.3612446582084355,0.3611228688235712,0.3611837635160033,1.0,0.2975725474958588,0.2975725474958588,0.3513888888888888,0.2975725474958588,1.871861599967815,19.018834114074707,ip|temporal,True,MALTLS-22,standard tabular implementation of disagreement-update Decoupling,local_sklearn_sgd_disagreement_update,True,two SGD classifiers update on post-warmup disagreements using noisy_y_train
cesnet_tls_year22,CESNET-TLS-Year22,490bb4402e111c4ef752272e17d8faee44ce9ef25a0063c7c84ff4d3cb7f9084,E:\graphcold-data\tls_alternative\cesnet_tls_year22,postfilter,25,deterministic_audit_window_100000_then_postfilter25_stratified_split,61124,42,True,graph_consistency,0.1,0.0,1,6fde7f9c9f8d0227,1,1,Decoupling,decoupling,implemented_smoke_passed,0.7736032570208531,0.1021021021021021,0.00016818028927,0.1359254227272589,0.1313052580844379,0.1336153404058484,0.999754601226994,0.127834925049592,0.127834925049592,0.140455637048095,0.127834925049592,2.356623800005764,19.018834114074707,ip|temporal,True,MALTLS-22,standard tabular implementation of disagreement-update Decoupling,local_sklearn_sgd_disagreement_update,True,two SGD classifiers update on post-warmup disagreements using noisy_y_train
cesnet_tls_year22,CESNET-TLS-Year22,490bb4402e111c4ef752272e17d8faee44ce9ef25a0063c7c84ff4d3cb7f9084,E:\graphcold-data\tls_alternative\cesnet_tls_year22,postfilter,25,deterministic_audit_window_100000_then_postfilter25_stratified_split,61124,42,True,graph_consistency,0.1,0.6,1,6fde7f9c9f8d0227,1,1,Decoupling,decoupling,implemented_smoke_passed,0.7843950585968662,0.0960960960960961,0.0011772620248906,0.134571691512018,0.1253812684491483,0.1299764799805832,0.9972188139059304,0.1703715822409456,0.1703715822409456,0.136640331563269,0.1703715822409456,1.775002599984873,19.018834114074707,ip|temporal,True,MALTLS-22,standard tabular implementation of disagreement-update Decoupling,local_sklearn_sgd_disagreement_update,True,two SGD classifiers update on post-warmup disagreements using noisy_y_train
cesnet_tls_year22,CESNET-TLS-Year22,490bb4402e111c4ef752272e17d8faee44ce9ef25a0063c7c84ff4d3cb7f9084,E:\graphcold-data\tls_alternative\cesnet_tls_year22,postfilter,25,deterministic_audit_window_100000_then_postfilter25_stratified_split,61124,42,True,graph_consistency,0.2,0.0,1,6fde7f9c9f8d0227,1,1,Decoupling,decoupling,implemented_smoke_passed,0.80368813937436,0.075075075075075,0.0015136226034308,0.2330064217854045,0.2378948787481251,0.2354506502667648,0.996073619631902,0.1097568457432667,0.1097568457432667,0.2232149395825705,0.1097568457432667,1.8032560999854468,19.018834114074707,ip|temporal,True,MALTLS-22,standard tabular implementation of disagreement-update Decoupling,local_sklearn_sgd_disagreement_update,True,two SGD classifiers update on post-warmup disagreements using noisy_y_train
cesnet_tls_year22,CESNET-TLS-Year22,490bb4402e111c4ef752272e17d8faee44ce9ef25a0063c7c84ff4d3cb7f9084,E:\graphcold-data\tls_alternative\cesnet_tls_year22,postfilter,25,deterministic_audit_window_100000_then_postfilter25_stratified_split,61124,42,True,graph_consistency,0.2,0.6,1,6fde7f9c9f8d0227,1,1,Decoupling,decoupling,implemented_smoke_passed,0.7764037665245067,0.093093093093093,0.0008409014463504,0.1948467444550284,0.1892752939343542,0.1920610191946913,0.9931288343558282,0.1081003701507188,0.1081003701507188,0.1802024910772816,0.1081003701507188,2.323384699993767,19.018834114074707,ip|temporal,True,MALTLS-22,standard tabular implementation of disagreement-update Decoupling,local_sklearn_sgd_disagreement_update,True,two SGD classifiers update on post-warmup disagreements using noisy_y_train
cesnet_tls_year22,CESNET-TLS-Year22,490bb4402e111c4ef752272e17d8faee44ce9ef25a0063c7c84ff4d3cb7f9084,E:\graphcold-data\tls_alternative\cesnet_tls_year22,postfilter,25,deterministic_audit_window_100000_then_postfilter25_stratified_split,61124,42,True,graph_consistency,0.4,0.0,1,6fde7f9c9f8d0227,1,1,Decoupling,decoupling,implemented_smoke_passed,0.7183741390079024,0.6696696696696697,8.409014463504877e-05,0.3906367630772309,0.4452236306841435,0.4179301968806872,0.9932924335378324,0.3073068978915724,0.3073068978915724,0.3727222528989508,0.3073068978915724,1.909861899970565,19.0187463760376,ip|temporal,True,MALTLS-22,standard tabular implementation of disagreement-update Decoupling,local_sklearn_sgd_disagreement_update,True,two SGD classifiers update on post-warmup disagreements using noisy_y_train
cesnet_tls_year22,CESNET-TLS-Year22,490bb4402e111c4ef752272e17d8faee44ce9ef25a0063c7c84ff4d3cb7f9084,E:\graphcold-data\tls_alternative\cesnet_tls_year22,postfilter,25,deterministic_audit_window_100000_then_postfilter25_stratified_split,61124,42,True,graph_consistency,0.4,0.6,1,6fde7f9c9f8d0227,1,1,Decoupling,decoupling,implemented_smoke_passed,0.7723803325109236,0.09009009009009,0.0023545240497813,0.3002786998754823,0.3085354150074782,0.3044070574414803,0.9849488752556236,0.2479805312992085,0.2479805312992085,0.2634906092533211,0.2479805312992085,1.836966399976518,19.019070625305176,ip|temporal,True,MALTLS-22,standard tabular implementation of disagreement-update Decoupling,local_sklearn_sgd_disagreement_update,True,two SGD classifiers update on post-warmup disagreements using noisy_y_train
cesnet_tls_year22,CESNET-TLS-Year22,490bb4402e111c4ef752272e17d8faee44ce9ef25a0063c7c84ff4d3cb7f9084,E:\graphcold-data\tls_alternative\cesnet_tls_year22,postfilter,25,deterministic_audit_window_100000_then_postfilter25_stratified_split,61124,42,True,graph_consistency,0.6,0.0,1,6fde7f9c9f8d0227,1,1,Decoupling,decoupling,implemented_smoke_passed,0.598456059793021,0.015015015015015,0.0127817019845274,0.4866077670557475,0.4982743885224039,0.4924410777890757,1.0,0.3364894987627559,0.3364894987627559,0.4634039444850256,0.3364894987627559,2.4417881999979727,19.018790245056152,ip|temporal,True,MALTLS-22,standard tabular implementation of disagreement-update Decoupling,local_sklearn_sgd_disagreement_update,True,two SGD classifiers update on post-warmup disagreements using noisy_y_train
cesnet_tls_year22,CESNET-TLS-Year22,490bb4402e111c4ef752272e17d8faee44ce9ef25a0063c7c84ff4d3cb7f9084,E:\graphcold-data\tls_alternative\cesnet_tls_year22,postfilter,25,deterministic_audit_window_100000_then_postfilter25_stratified_split,61124,42,True,graph_consistency,0.6,0.6,1,6fde7f9c9f8d0227,1,1,Decoupling,decoupling,implemented_smoke_passed,0.6662097578871997,0.093093093093093,0.0061385805583585,0.3939493566479545,0.3993006260937257,0.3966249913708402,1.0,0.2124378821652794,0.2124378821652794,0.3779667992865962,0.2124378821652794,1.9396389999892565,19.018834114074707,ip|temporal,True,MALTLS-22,standard tabular implementation of disagreement-update Decoupling,local_sklearn_sgd_disagreement_update,True,two SGD classifiers update on post-warmup disagreements using noisy_y_train
cesnet_tls_year22,CESNET-TLS-Year22,490bb4402e111c4ef752272e17d8faee44ce9ef25a0063c7c84ff4d3cb7f9084,E:\graphcold-data\tls_alternative\cesnet_tls_year22,postfilter,25,deterministic_audit_window_100000_then_postfilter25_stratified_split,61124,42,True,clean,0.0,none,2,091f7f858b750a40,2,2,Decoupling,decoupling,implemented_smoke_passed,0.8278786378217875,0.0990990990990991,0.0004204507231752,1.0,1.0,1.0,0.999918200408998,0.0631301253604368,0.0631301253604368,0.0631301253604368,0.0631301253604368,2.281910300021991,19.019978523254395,ip|temporal,True,MALTLS-22,standard tabular implementation of disagreement-update Decoupling,local_sklearn_sgd_disagreement_update,True,two SGD classifiers update on post-warmup disagreements using noisy_y_train
cesnet_tls_year22,CESNET-TLS-Year22,490bb4402e111c4ef752272e17d8faee44ce9ef25a0063c7c84ff4d3cb7f9084,E:\graphcold-data\tls_alternative\cesnet_tls_year22,postfilter,25,deterministic_audit_window_100000_then_postfilter25_stratified_split,61124,42,True,symmetric,0.1,none,2,091f7f858b750a40,2,2,Decoupling,decoupling,implemented_smoke_passed,0.8341915029829822,0.054054054054054,0.0031113353514968,0.1155332262580592,0.12931393857225,0.1224235824151546,0.9761963190184048,0.0795721793901715,0.0795721793901715,0.1203772189349112,0.0795721793901715,1.86141079996014,19.018834114074707,ip|temporal,True,MALTLS-22,standard tabular implementation of disagreement-update Decoupling,local_sklearn_sgd_disagreement_update,True,two SGD classifiers update on post-warmup disagreements using noisy_y_train
cesnet_tls_year22,CESNET-TLS-Year22,490bb4402e111c4ef752272e17d8faee44ce9ef25a0063c7c84ff4d3cb7f9084,E:\graphcold-data\tls_alternative\cesnet_tls_year22,postfilter,25,deterministic_audit_window_100000_then_postfilter25_stratified_split,61124,42,True,symmetric,0.2,none,2,091f7f858b750a40,2,2,Decoupling,decoupling,implemented_smoke_passed,0.731143162323326,0.1171171171171171,0.0002522704339051,0.1894066286664079,0.1777619305096406,0.1835842795880242,0.989366053169734,0.1708623898239227,0.1708623898239227,0.1864690066128915,0.1708623898239227,1.784124500001781,19.018790245056152,ip|temporal,True,MALTLS-22,standard tabular implementation of disagreement-update Decoupling,local_sklearn_sgd_disagreement_update,True,two SGD classifiers update on post-warmup disagreements using noisy_y_train
cesnet_tls_year22,CESNET-TLS-Year22,490bb4402e111c4ef752272e17d8faee44ce9ef25a0063c7c84ff4d3cb7f9084,E:\graphcold-data\tls_alternative\cesnet_tls_year22,postfilter,25,deterministic_audit_window_100000_then_postfilter25_stratified_split,61124,42,True,symmetric,0.4,none,2,091f7f858b750a40,2,2,Decoupling,decoupling,implemented_smoke_passed,0.7569125106818724,0.1231231231231231,0.0,0.3977974659160153,0.3862104558940865,0.3920039609050509,0.9758691206543968,0.2544019305098264,0.2544019305098264,0.3885614916433195,0.2544019305098264,2.6692163000116125,19.018834114074707,ip|temporal,True,MALTLS-22,standard tabular implementation of disagreement-update Decoupling,local_sklearn_sgd_disagreement_update,True,two SGD classifiers update on post-warmup disagreements using noisy_y_train
cesnet_tls_year22,CESNET-TLS-Year22,490bb4402e111c4ef752272e17d8faee44ce9ef25a0063c7c84ff4d3cb7f9084,E:\graphcold-data\tls_alternative\cesnet_tls_year22,postfilter,25,deterministic_audit_window_100000_then_postfilter25_stratified_split,61124,42,True,symmetric,0.6,none,2,091f7f858b750a40,2,2,Decoupling,decoupling,implemented_smoke_passed,0.6690690837628478,0.015015015015015,0.0073999327278842,0.514313005342162,0.5193881746368558,0.5168505899895088,0.9978732106339468,0.3566330599807767,0.3566330599807767,0.4944053046000828,0.3566330599807767,1.942707099951804,19.018834114074707,ip|temporal,True,MALTLS-22,standard tabular implementation of disagreement-update Decoupling,local_sklearn_sgd_disagreement_update,True,two SGD classifiers update on post-warmup disagreements using noisy_y_train
cesnet_tls_year22,CESNET-TLS-Year22,490bb4402e111c4ef752272e17d8faee44ce9ef25a0063c7c84ff4d3cb7f9084,E:\graphcold-data\tls_alternative\cesnet_tls_year22,postfilter,25,deterministic_audit_window_100000_then_postfilter25_stratified_split,61124,42,True,asymmetric,0.1,none,2,091f7f858b750a40,2,2,Decoupling,decoupling,implemented_smoke_passed,0.8099739163939177,0.1321321321321321,0.0021863437605112,0.1329329403163191,0.1453020405973112,0.1391174904568151,0.999918200408998,0.0820671179369721,0.0820671179369721,0.133439823063218,0.0820671179369721,1.7526472000172362,19.018834114074707,ip|temporal,True,MALTLS-22,standard tabular implementation of disagreement-update Decoupling,local_sklearn_sgd_disagreement_update,True,two SGD classifiers update on post-warmup disagreements using noisy_y_train
cesnet_tls_year22,CESNET-TLS-Year22,490bb4402e111c4ef752272e17d8faee44ce9ef25a0063c7c84ff4d3cb7f9084,E:\graphcold-data\tls_alternative\cesnet_tls_year22,postfilter,25,deterministic_audit_window_100000_then_postfilter25_stratified_split,61124,42,True,asymmetric,0.2,none,2,091f7f858b750a40,2,2,Decoupling,decoupling,implemented_smoke_passed,0.7721999675433813,0.5615615615615616,0.0019340733266061,0.1732609308017495,0.1759850902130705,0.17462301050741,1.0,0.098999979549684,0.098999979549684,0.1792903091927785,0.098999979549684,2.378633800020907,19.018834114074707,ip|temporal,True,MALTLS-22,standard tabular implementation of disagreement-update Decoupling,local_sklearn_sgd_disagreement_update,True,two SGD classifiers update on post-warmup disagreements using noisy_y_train
cesnet_tls_year22,CESNET-TLS-Year22,490bb4402e111c4ef752272e17d8faee44ce9ef25a0063c7c84ff4d3cb7f9084,E:\graphcold-data\tls_alternative\cesnet_tls_year22,postfilter,25,deterministic_audit_window_100000_then_postfilter25_stratified_split,61124,42,True,asymmetric,0.4,none,2,091f7f858b750a40,2,2,Decoupling,decoupling,implemented_smoke_passed,0.7991834142616062,0.6786786786786787,0.0235452404978136,0.2124463094338583,0.2194177602795438,0.215932034856701,1.0,0.1915581095727929,0.1915581095727929,0.2024709570348515,0.1915581095727929,1.8916984999668784,19.018834114074707,ip|temporal,True,MALTLS-22,standard tabular implementation of disagreement-update Decoupling,local_sklearn_sgd_disagreement_update,True,two SGD classifiers update on post-warmup disagreements using noisy_y_train
cesnet_tls_year22,CESNET-TLS-Year22,490bb4402e111c4ef752272e17d8faee44ce9ef25a0063c7c84ff4d3cb7f9084,E:\graphcold-data\tls_alternative\cesnet_tls_year22,postfilter,25,deterministic_audit_window_100000_then_postfilter25_stratified_split,61124,42,True,asymmetric,0.6,none,2,091f7f858b750a40,2,2,Decoupling,decoupling,implemented_smoke_passed,0.6999510058020113,0.6426426426426426,0.1754120417087117,0.3337893423018468,0.3370652862316124,0.3354273142667296,1.0,0.2347900775066974,0.2347900775066974,0.3167727650152228,0.2347900775066974,1.8299600000027567,19.018834114074707,ip|temporal,True,MALTLS-22,standard tabular implementation of disagreement-update Decoupling,local_sklearn_sgd_disagreement_update,True,two SGD classifiers update on post-warmup disagreements using noisy_y_train
cesnet_tls_year22,CESNET-TLS-Year22,490bb4402e111c4ef752272e17d8faee44ce9ef25a0063c7c84ff4d3cb7f9084,E:\graphcold-data\tls_alternative\cesnet_tls_year22,postfilter,25,deterministic_audit_window_100000_then_postfilter25_stratified_split,61124,42,True,graph_consistency,0.1,0.0,2,091f7f858b750a40,2,2,Decoupling,decoupling,implemented_smoke_passed,0.8341915029829822,0.054054054054054,0.0031113353514968,0.1155332262580592,0.12931393857225,0.1224235824151546,0.9761963190184048,0.0795721793901715,0.0795721793901715,0.1203772189349112,0.0795721793901715,2.366113600030076,19.018834114074707,ip|temporal,True,MALTLS-22,standard tabular implementation of disagreement-update Decoupling,local_sklearn_sgd_disagreement_update,True,two SGD classifiers update on post-warmup disagreements using noisy_y_train
cesnet_tls_year22,CESNET-TLS-Year22,490bb4402e111c4ef752272e17d8faee44ce9ef25a0063c7c84ff4d3cb7f9084,E:\graphcold-data\tls_alternative\cesnet_tls_year22,postfilter,25,deterministic_audit_window_100000_then_postfilter25_stratified_split,61124,42,True,graph_consistency,0.1,0.6,2,091f7f858b750a40,2,2,Decoupling,decoupling,implemented_smoke_passed,0.8152805913841661,0.024024024024024,0.0054658594012781,0.1541443332275357,0.1587267883594243,0.15643556079348,0.9980368098159508,0.0980388146996871,0.0980388146996871,0.1618104118104118,0.0980388146996871,1.7828560000052676,19.018834114074707,ip|temporal,True,MALTLS-22,standard tabular implementation of disagreement-update Decoupling,local_sklearn_sgd_disagreement_update,True,two SGD classifiers update on post-warmup disagreements using noisy_y_train
cesnet_tls_year22,CESNET-TLS-Year22,490bb4402e111c4ef752272e17d8faee44ce9ef25a0063c7c84ff4d3cb7f9084,E:\graphcold-data\tls_alternative\cesnet_tls_year22,postfilter,25,deterministic_audit_window_100000_then_postfilter25_stratified_split,61124,42,True,graph_consistency,0.2,0.0,2,091f7f858b750a40,2,2,Decoupling,decoupling,implemented_smoke_passed,0.731143162323326,0.1171171171171171,0.0002522704339051,0.1894066286664079,0.1777619305096406,0.1835842795880242,0.989366053169734,0.1708623898239227,0.1708623898239227,0.1864690066128915,0.1708623898239227,1.8031274999957527,19.018790245056152,ip|temporal,True,MALTLS-22,standard tabular implementation of disagreement-update Decoupling,local_sklearn_sgd_disagreement_update,True,two SGD classifiers update on post-warmup disagreements using noisy_y_train
cesnet_tls_year22,CESNET-TLS-Year22,490bb4402e111c4ef752272e17d8faee44ce9ef25a0063c7c84ff4d3cb7f9084,E:\graphcold-data\tls_alternative\cesnet_tls_year22,postfilter,25,deterministic_audit_window_100000_then_postfilter25_stratified_split,61124,42,True,graph_consistency,0.2,0.6,2,091f7f858b750a40,2,2,Decoupling,decoupling,implemented_smoke_passed,0.8232320815135941,0.072072072072072,0.0021863437605112,0.1975006690676227,0.178093256208919,0.1877969626382709,0.9761963190184048,0.0979365631199002,0.0979365631199002,0.1617573993895947,0.0979365631199002,2.363501899992116,19.018834114074707,ip|temporal,True,MALTLS-22,standard tabular implementation of disagreement-update Decoupling,local_sklearn_sgd_disagreement_update,True,two SGD classifiers update on post-warmup disagreements using noisy_y_train
cesnet_tls_year22,CESNET-TLS-Year22,490bb4402e111c4ef752272e17d8faee44ce9ef25a0063c7c84ff4d3cb7f9084,E:\graphcold-data\tls_alternative\cesnet_tls_year22,postfilter,25,deterministic_audit_window_100000_then_postfilter25_stratified_split,61124,42,True,graph_consistency,0.4,0.0,2,091f7f858b750a40,2,2,Decoupling,decoupling,implemented_smoke_passed,0.7569125106818724,0.1231231231231231,0.0,0.3977974659160153,0.3862104558940865,0.3920039609050509,0.9758691206543968,0.2544019305098264,0.2544019305098264,0.3885614916433195,0.2544019305098264,1.821838699979708,19.018834114074707,ip|temporal,True,MALTLS-22,standard tabular implementation of disagreement-update Decoupling,local_sklearn_sgd_disagreement_update,True,two SGD classifiers update on post-warmup disagreements using noisy_y_train
cesnet_tls_year22,CESNET-TLS-Year22,490bb4402e111c4ef752272e17d8faee44ce9ef25a0063c7c84ff4d3cb7f9084,E:\graphcold-data\tls_alternative\cesnet_tls_year22,postfilter,25,deterministic_audit_window_100000_then_postfilter25_stratified_split,61124,42,True,graph_consistency,0.4,0.6,2,091f7f858b750a40,2,2,Decoupling,decoupling,implemented_smoke_passed,0.6738711556385901,0.5195195195195195,0.0009249915909855,0.3057140796266262,0.2971704573419236,0.3014422684842749,0.9977914110429448,0.1886541647068447,0.1886541647068447,0.2892738952696126,0.1886541647068447,1.8465508000226687,19.018834114074707,ip|temporal,True,MALTLS-22,standard tabular implementation of disagreement-update Decoupling,local_sklearn_sgd_disagreement_update,True,two SGD classifiers update on post-warmup disagreements using noisy_y_train
cesnet_tls_year22,CESNET-TLS-Year22,490bb4402e111c4ef752272e17d8faee44ce9ef25a0063c7c84ff4d3cb7f9084,E:\graphcold-data\tls_alternative\cesnet_tls_year22,postfilter,25,deterministic_audit_window_100000_then_postfilter25_stratified_split,61124,42,True,graph_consistency,0.6,0.0,2,091f7f858b750a40,2,2,Decoupling,decoupling,implemented_smoke_passed,0.6690690837628478,0.015015015015015,0.0073999327278842,0.514313005342162,0.5193881746368558,0.5168505899895088,0.9978732106339468,0.3566330599807767,0.3566330599807767,0.4944053046000828,0.3566330599807767,2.474746900028549,19.018790245056152,ip|temporal,True,MALTLS-22,standard tabular implementation of disagreement-update Decoupling,local_sklearn_sgd_disagreement_update,True,two SGD classifiers update on post-warmup disagreements using noisy_y_train
cesnet_tls_year22,CESNET-TLS-Year22,490bb4402e111c4ef752272e17d8faee44ce9ef25a0063c7c84ff4d3cb7f9084,E:\graphcold-data\tls_alternative\cesnet_tls_year22,postfilter,25,deterministic_audit_window_100000_then_postfilter25_stratified_split,61124,42,True,graph_consistency,0.6,0.6,2,091f7f858b750a40,2,2,Decoupling,decoupling,implemented_smoke_passed,0.7030229932631353,0.057057057057057,0.0032795156407669,0.5283393092990021,0.5098305961090402,0.5190849527040211,0.9876482617586912,0.3441788175627313,0.3441788175627313,0.5024977960622979,0.3441788175627313,1.966082800005097,19.018790245056152,ip|temporal,True,MALTLS-22,standard tabular implementation of disagreement-update Decoupling,local_sklearn_sgd_disagreement_update,True,two SGD classifiers update on post-warmup disagreements using noisy_y_train
